scene_counter,rejected_scene_snippet,director_feedback
1,"
>>Human Rights Activist: Es ist unsere Pflicht, die Menschenrechte zu verteidigen und für soziale Gerechtigkeit zu kämpfen. Mandela hat gezeigt, dass wir trotz großer Hindernisse Erfolg haben können. Das ist wichtig!
>>Sociologist: Es ist interessant zu sehen, wie Mandela trotz aller Widrigkeiten immer an die Kraft der Versöhnung geglaubt hat. Kulturell gesehen zeigt uns das, dass wahre Führung nicht nur durch Macht, sondern durch Empathie und Verständnis entsteht.
>>Historian: Es ist wichtig zu beachten, dass Mandelas Ansatz zur Versöhnung und sein unermüdlicher Einsatz für soziale Gerechtigkeit nicht nur Südafrika verändert haben, sondern auch weltweit als Modell für friedliche Konfliktlösung dienen. Historisch gesehen zeigt uns dies, wie bedeutend Führung durch Empathie und Verständnis sein kann.
>>Political Scientist: Es ist klar, dass Mandelas Ansatz zur Versöhnung und sein unermüdlicher Einsatz für soziale Gerechtigkeit nicht nur Südafrika verändert haben, sondern auch weltweit als Modell für friedliche Konfliktlösung dienen. Politisch gesehen zeigt uns dies, wie bedeutend Führung durch Empathie und Verständnis sein kann.
>>Psychologist: Es ist interessant zu sehen, wie Mandelas unerschütterliche Resilienz und sein Engagement für soziale Gerechtigkeit nicht nur seine eigene mentale Gesundheit gestärkt haben, sondern auch als Vorbild für viele Menschen weltweit dienen. Man muss verstehen, dass psychologisch gesehen solche Beispiele von Widerstandskraft und Hoffnung enorm wichtig sind!
>>Historian: Es ist wichtig zu beachten, dass Mandelas unerschütterliche Resilienz und sein Engagement für soziale Gerechtigkeit nicht nur seine eigene mentale Gesundheit gestärkt haben, sondern auch als Vorbild für viele Menschen weltweit dienen. Historisch gesehen zeigt uns dies, wie bedeutend Führung durch Empathie und Verständnis sein kann.
>>Political Scientist: Es ist klar, dass Mandelas Ansatz zur Versöhnung und sein unermüdlicher Einsatz für soziale Gerechtigkeit nicht nur Südafrika verändert haben, sondern auch weltweit als Modell für friedliche Konfliktlösung dienen. Politisch gesehen zeigt uns dies, wie bedeutend Führung durch Empathie und Verständnis sein kann.
>>Historian: Es ist wichtig zu beachten, dass Mandelas unerschütterliche Resilienz und sein Engagement für soziale Gerechtigkeit nicht nur seine eigene mentale Gesundheit gestärkt haben, sondern auch als Vorbild für viele Menschen weltweit dienen. Historisch gesehen zeigt uns dies, wie bedeutend Führung durch Empathie und Verständnis sein kann.
>>Political Scientist: Es ist klar, dass Mandelas Ansatz zur Versöhnung und sein unermüdlicher Einsatz für soziale Gerechtigkeit nicht nur Südafrika verändert haben, sondern auch weltweit als Modell für friedliche Konfliktlösung dienen. Politisch gesehen zeigt uns dies, wie bedeutend Führung durch Empathie und Verständnis sein kann.
>>Sociologist: Es ist interessant zu sehen, wie Mandelas Kindheit und Jugend ihn geprägt haben. Man muss verstehen, dass seine naturverbundene Erziehung und die Werte seines Volkes ihm eine starke Basis für seine spätere Führung gegeben haben.
>>Historian: Es ist wichtig zu beachten, dass Mandelas Kindheit und Jugend ihn stark geprägt haben. Historisch gesehen zeigt uns dies, wie seine naturverbundene Erziehung und die Werte seines Volkes ihm eine starke Basis für seine spätere Führung gegeben haben.
>>Political Scientist: Es ist klar, dass Mandelas Ansatz zur Versöhnung und sein unermüdlicher Einsatz für soziale Gerechtigkeit nicht nur Südafrika verändert haben, sondern auch weltweit als Modell für friedliche Konfliktlösung dienen. Politisch gesehen zeigt uns dies, wie bedeutend Führung durch Empathie und Verständnis sein kann.
>>Human Rights Activist: Es ist unsere Pflicht, die Menschenrechte zu verteidigen und für soziale Gerechtigkeit zu kämpfen. Mandela hat gezeigt, dass wir trotz großer Hindernisse Erfolg haben können. Das ist wichtig!
>>Sociologist: Es ist interessant zu sehen, wie Mandelas naturverbundene Kindheit und die Werte seines Volkes ihm eine starke Basis für seine spätere Führung gegeben haben. Man muss verstehen, dass diese kulturellen Wurzeln ihn tief geprägt haben.
>>Historian: Es ist wichtig zu beachten, dass Mandelas Kindheit und Jugend ihn stark geprägt haben. Historisch gesehen zeigt uns dies, wie seine naturverbundene Erziehung und die Werte seines Volkes ihm eine starke Basis für seine spätere Führung gegeben haben.
>>Political Scientist: Es ist klar, dass Mandelas Ansatz zur Versöhnung und sein unermüdlicher Einsatz für soziale Gerechtigkeit nicht nur Südafrika verändert haben, sondern auch weltweit als Modell für friedliche Konfliktlösung dienen. Politisch gesehen zeigt uns dies, wie bedeutend Führung durch Empathie und Verständnis sein kann.
>>Human Rights Activist: Es ist unsere Pflicht, die Menschenrechte zu verteidigen und für soziale Gerechtigkeit zu kämpfen. Mandela hat gezeigt, dass wir trotz großer Hindernisse Erfolg haben können. Das ist wichtig!
>>Sociologist: Es ist interessant zu sehen, wie Mandelas naturverbundene Kindheit und die Werte seines Volkes ihm eine starke Basis für seine spätere Führung gegeben haben. Man muss verstehen, dass diese kulturellen Wurzeln ihn tief geprägt haben.
>>Historian: Es ist wichtig zu beachten, dass Mandelas Kindheit und Jugend ihn stark geprägt haben. Historisch gesehen zeigt uns dies, wie seine naturverbundene Erziehung und die Werte seines Volkes ihm eine starke Basis für seine spätere Führung gegeben haben.
>>Political Scientist: Es ist klar, dass Mandelas Ansatz zur Versöhnung und sein unermüdlicher Einsatz für soziale Gerechtigkeit nicht nur Südafrika verändert haben, sondern auch weltweit als Modell für friedliche Konfliktlösung dienen. Politisch gesehen zeigt uns dies, wie bedeutend Führung durch Empathie und Verständnis sein kann.
>>Historian: Es ist wichtig zu beachten, dass Mandelas unerschütterliche Resilienz und sein Engagement für soziale Gerechtigkeit nicht nur seine eigene mentale Gesundheit gestärkt haben, sondern auch als Vorbild für viele Menschen weltweit dienen. Historisch gesehen zeigt uns dies, wie bedeutend Führung durch Empathie und Verständnis sein kann.
>>Political Scientist: Es ist klar, dass Mandelas Ansatz zur Versöhnung und sein unermüdlicher Einsatz für soziale Gerechtigkeit nicht nur Südafrika verändert haben, sondern auch weltweit als Modell für friedliche Konfliktlösung dienen. Politisch gesehen zeigt uns dies, wie bedeutend Führung durch Empathie und Verständnis sein kann.
>>Historian: Es ist wichtig zu beachten, dass Mandelas unerschütterliche Resilienz und sein Engagement für soziale Gerechtigkeit nicht nur seine eigene mentale Gesundheit gestärkt haben, sondern auch als Vorbild für viele Menschen weltweit dienen. Historisch gesehen zeigt uns dies, wie bedeutend Führung durch Empathie und Verständnis sein kann.
>>Political Scientist: Es ist klar, dass Mandelas Ansatz zur Versöhnung und sein unermüdlicher Einsatz für soziale Gerechtigkeit nicht nur Südafrika verändert haben, sondern auch weltweit als Modell für friedliche Konfliktlösung dienen. Politisch gesehen zeigt uns dies, wie bedeutend Führung durch Empathie und Verständnis sein kann.
>>Sociologist: Es ist interessant zu sehen, wie Mandelas naturverbundene Kindheit und die Werte seines Volkes ihm eine starke Basis für seine spätere Führung gegeben haben. Man muss verstehen, dass diese kulturellen Wurzeln ihn tief geprägt haben.
>>Historian: Es ist wichtig zu beachten, dass Mandelas unerschütterliche Resilienz und sein Engagement für soziale Gerechtigkeit nicht nur seine eigene mentale Gesundheit gestärkt haben, sondern auch als Vorbild für viele Menschen weltweit dienen. Historisch gesehen zeigt uns dies, wie bedeutend Führung durch Empathie und Verständnis sein kann.
>>Human Rights Activist: Es ist unsere Pflicht, die Menschenrechte zu verteidigen und für soziale Gerechtigkeit zu kämpfen. Mandela hat gezeigt, dass wir trotz großer Hindernisse Erfolg haben können. Das ist wichtig!
>>Psychologist: Es ist interessant zu sehen, wie Mandelas unerschütterliche Resilienz und sein Engagement für soziale Gerechtigkeit nicht nur seine eigene mentale Gesundheit gestärkt haben, sondern auch als Vorbild für viele Menschen weltweit dienen. Man muss verstehen, dass psychologisch gesehen solche Beispiele von Widerstandskraft und Hoffnung enorm wichtig sind!
>>Historian: Es ist wichtig zu beachten, dass Mandelas unerschütterliche Resilienz und sein Engagement für soziale Gerechtigkeit nicht nur seine eigene mentale Gesundheit gestärkt haben, sondern auch als Vorbild für viele Menschen weltweit dienen. Historisch gesehen zeigt uns dies, wie bedeutend Führung durch Empathie und Verständnis sein kann.
>>Political Scientist: Es ist klar, dass Mandelas Ansatz zur Versöhnung und sein unermüdlicher Einsatz für soziale Gerechtigkeit nicht nur Südafrika verändert haben, sondern auch weltweit als Modell für friedliche Konfliktlösung dienen. Politisch gesehen zeigt uns dies, wie bedeutend Führung durch Empathie und Verständnis sein kann.
>>Historian: Es ist wichtig zu beachten, dass Mandelas unerschütterliche Resilienz und sein Engagement für soziale Gerechtigkeit nicht nur seine eigene mentale Gesundheit gestärkt haben, sondern auch als Vorbild für viele Menschen weltweit dienen. Historisch gesehen zeigt uns dies, wie bedeutend Führung durch Empathie und Verständnis sein kann.
>>Political Scientist: Es ist klar, dass Mandelas Ansatz zur Versöhnung und sein unermüdlicher Einsatz für soziale Gerechtigkeit nicht nur Südafrika verändert haben, sondern auch weltweit als Modell für friedliche Konfliktlösung dienen. Politisch gesehen zeigt uns dies, wie bedeutend Führung durch Empathie und Verständnis sein kann.
>>Sociologist: Es ist interessant zu sehen, wie Mandelas naturverbundene Kindheit und die Werte seines Volkes ihm eine starke Basis für seine spätere Führung gegeben haben. Man muss verstehen, dass diese kulturellen Wurzeln ihn tief geprägt haben.
>>Historian: Es ist wichtig zu beachten, dass Mandelas unerschütterliche Resilienz und sein Engagement für soziale Gerechtigkeit nicht nur seine eigene mentale Gesundheit gestärkt haben, sondern auch als Vorbild für viele Menschen weltweit dienen. Historisch gesehen zeigt uns dies, wie bedeutend Führung durch Empathie und Verständnis sein kann.
>>Sociologist: Es ist interessant zu sehen, wie Mandelas naturverbundene Kindheit und die Werte seines Volkes ihm eine starke Basis für seine spätere Führung gegeben haben. Man muss verstehen, dass diese kulturellen Wurzeln ihn tief geprägt haben.
>>Historian: Es ist wichtig zu beachten, dass Mandelas unerschütterliche Resilienz und sein Engagement für soziale Gerechtigkeit nicht nur seine eigene mentale Gesundheit gestärkt haben, sondern auch als Vorbild für viele Menschen weltweit dienen. Historisch gesehen zeigt uns dies, wie bedeutend Führung durch Empathie und Verständnis sein kann.
>>Political Scientist: Es ist klar, dass Mandelas Ansatz zur Versöhnung und sein unermüdlicher Einsatz für soziale Gerechtigkeit nicht nur Südafrika verändert haben, sondern auch weltweit als Modell für friedliche Konfliktlösung dienen. Politisch gesehen zeigt uns dies, wie bedeutend Führung durch Empathie und Verständnis sein kann.
>>Historian: Es ist wichtig zu beachten, dass Mandelas unerschütterliche Resilienz und sein Engagement für soziale Gerechtigkeit nicht nur seine eigene mentale Gesundheit gestärkt haben, sondern auch als Vorbild für viele Menschen weltweit dienen. Historisch gesehen zeigt uns dies, wie bedeutend Führung durch Empathie und Verständnis sein kann.
>>Sociologist: Es ist interessant zu sehen, wie Mandelas naturverbundene Kindheit und die Werte seines Volkes ihm eine starke Basis für seine spätere Führung gegeben haben. Man muss verstehen, dass diese kulturellen Wurzeln ihn tief geprägt haben.","The transcript does not match the summary provided. The summary indicates that the scene should include a brief greeting among participants, outline meeting objectives and expected outcomes, and encourage spontaneous contributions. However, the transcript consists of repetitive statements about Mandela's impact on social justice, resilience, and leadership without any greetings or setting the tone for a meeting. The core requirements from the summary are missing, and the conversation strays too far from the intended topics."
1,"
>>Human Rights Activist: Guten Morgen zusammen! Es ist unsere Pflicht, heute über die Bedeutung der Menschenrechte zu sprechen und wie wir gemeinsam für soziale Gerechtigkeit kämpfen können. Das ist wichtig!
>>Historian: Guten Morgen zusammen! Es ist wichtig zu beachten, dass wir heute nicht nur über die Bedeutung der Menschenrechte sprechen, sondern auch darüber, wie historische Kontexte und kulturelle Wurzeln eine Rolle in der Entwicklung von Führungspersönlichkeiten wie Nelson Mandela gespielt haben. Historisch gesehen hat Mandela gezeigt, dass trotz großer Hindernisse ein versöhnlicher Übergang möglich ist.
>>Political Scientist: Guten Morgen! Es ist klar, dass wir heute nicht nur über Menschenrechte sprechen, sondern auch darüber, wie politische Bewegungen und Governance in Afrika beeinflusst werden. Wir müssen verstehen, dass die kulturellen Wurzeln und historischen Kontexte entscheidend sind!
>>Sociologist: Guten Morgen zusammen! Es ist interessant zu sehen, wie Mandelas kulturelle Wurzeln und seine naturverbundene Kindheit ihn geprägt haben. Man muss verstehen, dass diese Erfahrungen ihm eine starke Basis für seine spätere Führung gegeben haben.
>>Psychologist: Guten Morgen zusammen! Es ist interessant zu sehen, wie Mandelas naturverbundene Kindheit und die Werte seines Volkes ihm eine starke Basis für seine spätere Führung gegeben haben. Man muss verstehen, dass diese kulturellen Wurzeln ihn tief geprägt haben.
>>Historian: Es ist wichtig zu beachten, dass Mandelas naturverbundene Kindheit und die Werte seines Volkes ihm eine starke Basis für seine spätere Führung gegeben haben. Historisch gesehen hat Mandela gezeigt, dass trotz großer Hindernisse ein versöhnlicher Übergang möglich ist.
>>Political Scientist: Es ist klar, dass Mandelas politische Bewegungen und seine Governance-Strategien in Afrika tief von seinen kulturellen Wurzeln und historischen Kontexten beeinflusst wurden. Politisch gesehen hat er gezeigt, wie man trotz großer Hindernisse eine versöhnliche Führung etablieren kann.
>>Historian: Es ist wichtig zu beachten, dass Mandelas naturverbundene Kindheit und die Werte seines Volkes ihm eine starke Basis für seine spätere Führung gegeben haben. Historisch gesehen hat Mandela gezeigt, dass trotz großer Hindernisse ein versöhnlicher Übergang möglich ist.
>>Political Scientist: Es ist klar, dass Mandelas politische Bewegungen und seine Governance-Strategien in Afrika tief von seinen kulturellen Wurzeln und historischen Kontexten beeinflusst wurden. Politisch gesehen hat er gezeigt, wie man trotz großer Hindernisse eine versöhnliche Führung etablieren kann.
>>Historian: Es ist wichtig zu beachten, dass Mandelas naturverbundene Kindheit und die Werte seines Volkes ihm eine starke Basis für seine spätere Führung gegeben haben. Historisch gesehen hat Mandela gezeigt, dass trotz großer Hindernisse ein versöhnlicher Übergang möglich ist.
>>Political Scientist: Es ist klar, dass Mandelas politische Bewegungen und seine Governance-Strategien in Afrika tief von seinen kulturellen Wurzeln und historischen Kontexten beeinflusst wurden. Politisch gesehen hat er gezeigt, wie man trotz großer Hindernisse eine versöhnliche Führung etablieren kann.
>>Sociologist: Guten Morgen zusammen! Es ist interessant zu sehen, wie Mandelas kulturelle Wurzeln und seine naturverbundene Kindheit ihn geprägt haben. Man muss verstehen, dass diese Erfahrungen ihm eine starke Basis für seine spätere Führung gegeben haben.
>>Historian: Es ist wichtig zu beachten, dass Mandelas naturverbundene Kindheit und die Werte seines Volkes ihm eine starke Basis für seine spätere Führung gegeben haben. Historisch gesehen hat Mandela gezeigt, dass trotz großer Hindernisse ein versöhnlicher Übergang möglich ist.
>>Political Scientist: Es ist klar, dass Mandelas politische Bewegungen und seine Governance-Strategien in Afrika tief von seinen kulturellen Wurzeln und historischen Kontexten beeinflusst wurden. Politisch gesehen hat er gezeigt, wie man trotz großer Hindernisse eine versöhnliche Führung etablieren kann.
>>Historian: Es ist wichtig zu beachten, dass Mandelas naturverbundene Kindheit und die Werte seines Volkes ihm eine starke Basis für seine spätere Führung gegeben haben. Historisch gesehen hat Mandela gezeigt, dass trotz großer Hindernisse ein versöhnlicher Übergang möglich ist.
>>Political Scientist: Es ist klar, dass Mandelas politische Bewegungen und seine Governance-Strategien in Afrika tief von seinen kulturellen Wurzeln und historischen Kontexten beeinflusst wurden. Politisch gesehen hat er gezeigt, wie man trotz großer Hindernisse eine versöhnliche Führung etablieren kann.
>>Human Rights Activist: Guten Morgen zusammen! Es ist unsere Pflicht, heute über die Bedeutung der Menschenrechte zu sprechen und wie wir gemeinsam für soziale Gerechtigkeit kämpfen können. Das ist wichtig!
>>Historian: Guten Morgen zusammen! Es ist wichtig zu beachten, dass wir heute nicht nur über die Bedeutung der Menschenrechte sprechen, sondern auch darüber, wie historische Kontexte und kulturelle Wurzeln eine Rolle in der Entwicklung von Führungspersönlichkeiten wie Nelson Mandela gespielt haben. Historisch gesehen hat Mandela gezeigt, dass trotz großer Hindernisse ein versöhnlicher Übergang möglich ist.
>>Political Scientist: Es ist klar, dass Mandelas politische Bewegungen und seine Governance-Strategien in Afrika tief von seinen kulturellen Wurzeln und historischen Kontexten beeinflusst wurden. Politisch gesehen hat er gezeigt, wie man trotz großer Hindernisse eine versöhnliche Führung etablieren kann.
>>Sociologist: Wow! Es ist faszinierend, wie Mandela trotz seiner naturverbundenen Kindheit und der Herausforderungen, die er durchlebte, eine so starke Führungspersönlichkeit wurde. Kulturell gesehen hat seine Erziehung ihm wirklich eine einzigartige Perspektive gegeben.
>>Historian: Es ist wichtig zu beachten, dass Mandelas naturverbundene Kindheit und die Werte seines Volkes ihm eine starke Basis für seine spätere Führung gegeben haben. Historisch gesehen hat Mandela gezeigt, dass trotz großer Hindernisse ein versöhnlicher Übergang möglich ist.
>>Political Scientist: Es ist klar, dass Mandelas politische Bewegungen und seine Governance-Strategien in Afrika tief von seinen kulturellen Wurzeln und historischen Kontexten beeinflusst wurden. Politisch gesehen hat er gezeigt, wie man trotz großer Hindernisse eine versöhnliche Führung etablieren kann.
>>Human Rights Activist: Es ist unsere Pflicht, die Menschenrechte zu verteidigen und für soziale Gerechtigkeit zu kämpfen. Mandela hat gezeigt, dass wir trotz großer Hindernisse Erfolg haben können. Wir müssen handeln!
>>Sociologist: Guten Morgen zusammen! Es ist interessant zu sehen, wie Mandelas kulturelle Wurzeln und seine naturverbundene Kindheit ihn geprägt haben. Man muss verstehen, dass diese Erfahrungen ihm eine starke Basis für seine spätere Führung gegeben haben.
>>Historian: Es ist wichtig zu beachten, dass Mandelas naturverbundene Kindheit und die Werte seines Volkes ihm eine starke Basis für seine spätere Führung gegeben haben. Historisch gesehen hat Mandela gezeigt, dass trotz großer Hindernisse ein versöhnlicher Übergang möglich ist.
>>Political Scientist: Es ist klar, dass Mandelas politische Bewegungen und seine Governance-Strategien in Afrika tief von seinen kulturellen Wurzeln und historischen Kontexten beeinflusst wurden. Politisch gesehen hat er gezeigt, wie man trotz großer Hindernisse eine versöhnliche Führung etablieren kann.
>>Sociologist: Guten Morgen zusammen! Es ist interessant zu sehen, wie Mandelas kulturelle Wurzeln und seine naturverbundene Kindheit ihn geprägt haben. Man muss verstehen, dass diese Erfahrungen ihm eine starke Basis für seine spätere Führung gegeben haben.
>>Historian: Es ist wichtig zu beachten, dass Mandelas naturverbundene Kindheit und die Werte seines Volkes ihm eine starke Basis für seine spätere Führung gegeben haben. Historisch gesehen hat Mandela gezeigt, dass trotz großer Hindernisse ein versöhnlicher Übergang möglich ist.
>>Political Scientist: Es ist klar, dass Mandelas Einfluss auf die politische Landschaft Afrikas nicht nur durch seine kulturellen Wurzeln geprägt wurde, sondern auch durch seine Fähigkeit, trotz großer Hindernisse eine versöhnliche Führung zu etablieren. Politisch gesehen hat er gezeigt, wie man mit strategischem Geschick und tiefem Verständnis für soziale Dynamiken Veränderungen herbeiführen kann.
>>Human Rights Activist: Es ist unsere Pflicht, die Menschenrechte zu verteidigen und für soziale Gerechtigkeit zu kämpfen. Mandela hat gezeigt, dass wir trotz großer Hindernisse Erfolg haben können. Wir müssen handeln!
>>Sociologist: Guten Morgen zusammen! Es ist interessant zu sehen, wie Mandelas kulturelle Wurzeln und seine naturverbundene Kindheit ihn geprägt haben. Man muss verstehen, dass diese Erfahrungen ihm eine starke Basis für seine spätere Führung gegeben haben.
>>Historian: Es ist wichtig zu beachten, dass Mandelas naturverbundene Kindheit und die Werte seines Volkes ihm eine starke Basis für seine spätere Führung gegeben haben. Historisch gesehen hat Mandela gezeigt, dass trotz großer Hindernisse ein versöhnlicher Übergang möglich ist.
>>Political Scientist: Es ist klar, dass Mandelas politische Bewegungen und seine Governance-Strategien in Afrika tief von seinen kulturellen Wurzeln und historischen Kontexten beeinflusst wurden. Politisch gesehen hat er gezeigt, wie man trotz großer Hindernisse eine versöhnliche Führung etablieren kann.
>>Sociologist: Es ist interessant zu sehen, wie Mandelas naturverbundene Kindheit und die Werte seines Volkes ihm eine starke Basis für seine spätere Führung gegeben haben. Man muss verstehen, dass diese kulturellen Wurzeln ihn tief geprägt haben.
>>Psychologist: Guten Morgen zusammen! Es ist interessant zu sehen, wie Mandelas naturverbundene Kindheit und die Werte seines Volkes ihm eine starke Basis für seine spätere Führung gegeben haben. Man muss verstehen, dass diese kulturellen Wurzeln ihn tief geprägt haben.
>>Historian: Es ist wichtig zu beachten, dass Mandelas naturverbundene Kindheit und die Werte seines Volkes ihm eine starke Basis für seine spätere Führung gegeben haben. Historisch gesehen hat Mandela gezeigt, dass trotz großer Hindernisse ein versöhnlicher Übergang möglich ist.
>>Political Scientist: Es ist klar, dass Mandelas Einfluss auf die politische Landschaft Afrikas nicht nur durch seine kulturellen Wurzeln geprägt wurde, sondern auch durch seine Fähigkeit, trotz großer Hindernisse eine versöhnliche Führung zu etablieren. Politisch gesehen hat er gezeigt, wie man mit strategischem Geschick und tiefem Verständnis für soziale Dynamiken Veränderungen herbeiführen kann.
>>Psychologist: Guten Morgen zusammen! Es ist interessant zu sehen, wie Mandelas naturverbundene Kindheit und die Werte seines Volkes ihm eine starke Basis für seine spätere Führung gegeben haben. Man muss verstehen, dass diese kulturellen Wurzeln ihn tief geprägt haben.
>>Historian: Es ist wichtig zu beachten, dass Mandelas naturverbundene Kindheit und die Werte seines Volkes ihm eine starke Basis für seine spätere Führung gegeben haben. Historisch gesehen hat Mandela gezeigt, dass trotz großer Hindernisse ein versöhnlicher Übergang möglich ist.","The scene includes greetings from all participants, which aligns with the summary's requirement for a brief greeting. However, the dialogue quickly shifts to discussing Nelson Mandela's cultural roots and leadership without clearly outlining the meeting objectives and expected outcomes. While the conversation about Mandela adds depth and context, it does not fulfill the core requirement of setting the tone for the meeting by outlining objectives and encouraging spontaneous contributions. The repetition of certain points also detracts from a coherent structure."
1,"
>>Human Rights Activist: Guten Morgen zusammen! Es ist unsere Pflicht, heute über die Bedeutung der Menschenrechte zu sprechen und wie wir gemeinsam für soziale Gerechtigkeit kämpfen können. Das ist wichtig!
>>Historian: Es ist wichtig zu beachten, dass wir heute nicht nur über die Bedeutung der Menschenrechte sprechen, sondern auch konkrete Schritte zur Förderung sozialer Gerechtigkeit diskutieren sollten. Historisch gesehen hat Mandela gezeigt, dass trotz großer Hindernisse ein versöhnlicher Übergang möglich ist.
>>Political Scientist: Es ist klar, dass wir heute nicht nur über die Bedeutung der Menschenrechte sprechen sollten, sondern auch konkrete Schritte zur Förderung sozialer Gerechtigkeit diskutieren müssen. Politisch gesehen ist es entscheidend, dass wir uns auf praktische Maßnahmen konzentrieren!
>>Sociologist: Guten Morgen zusammen! Es ist interessant zu sehen, wie wir heute über die Bedeutung der Menschenrechte und soziale Gerechtigkeit sprechen. Man muss verstehen, dass kulturelle Wurzeln eine wichtige Rolle spielen.
>>Psychologist: Guten Morgen zusammen! Es ist interessant zu sehen, wie wir heute über die Bedeutung der Menschenrechte und soziale Gerechtigkeit sprechen. Man muss verstehen, dass kulturelle Wurzeln eine wichtige Rolle spielen.
>>Historian: Es ist wichtig zu beachten, dass wir heute nicht nur über die Bedeutung der Menschenrechte sprechen, sondern auch konkrete Schritte zur Förderung sozialer Gerechtigkeit diskutieren sollten. Historisch gesehen hat Mandela gezeigt, dass trotz großer Hindernisse ein versöhnlicher Übergang möglich ist.
>>Political Scientist: Es ist klar, dass wir heute nicht nur über die Bedeutung der Menschenrechte sprechen sollten, sondern auch konkrete Schritte zur Förderung sozialer Gerechtigkeit diskutieren müssen. Politisch gesehen ist es entscheidend, dass wir uns auf praktische Maßnahmen konzentrieren!
>>Historian: Es ist wichtig zu beachten, dass wir heute nicht nur über die Bedeutung der Menschenrechte sprechen, sondern auch konkrete Schritte zur Förderung sozialer Gerechtigkeit diskutieren sollten. Historisch gesehen hat Mandela gezeigt, dass trotz großer Hindernisse ein versöhnlicher Übergang möglich ist.
>>Political Scientist: Es ist klar, dass wir heute nicht nur über die Bedeutung der Menschenrechte sprechen sollten, sondern auch konkrete Schritte zur Förderung sozialer Gerechtigkeit diskutieren müssen. Politisch gesehen ist es entscheidend, dass wir uns auf praktische Maßnahmen konzentrieren!
>>Historian: Es ist wichtig zu beachten, dass Mandelas Ansatz zur Versöhnung und sozialen Gerechtigkeit nicht nur politisch, sondern auch kulturell tief verwurzelt war. Historisch gesehen hat er gezeigt, dass ein friedlicher Übergang möglich ist, wenn man die kulturellen Wurzeln und Traditionen respektiert.
>>Sociologist: Guten Morgen zusammen! Es ist interessant zu sehen, wie wir heute über die Bedeutung der Menschenrechte und soziale Gerechtigkeit sprechen. Man muss verstehen, dass kulturelle Wurzeln eine wichtige Rolle spielen.
>>Historian: Es ist wichtig zu beachten, dass Mandelas Ansatz zur Versöhnung und sozialen Gerechtigkeit nicht nur politisch, sondern auch kulturell tief verwurzelt war. Historisch gesehen hat er gezeigt, dass ein friedlicher Übergang möglich ist, wenn man die kulturellen Wurzeln und Traditionen respektiert.
>>Political Scientist: Es ist klar, dass wir heute nicht nur über die Bedeutung der Menschenrechte sprechen sollten, sondern auch konkrete Schritte zur Förderung sozialer Gerechtigkeit diskutieren müssen. Politisch gesehen ist es entscheidend, dass wir uns auf praktische Maßnahmen konzentrieren!
>>Historian: Es ist wichtig zu beachten, dass Mandelas Ansatz zur Versöhnung und sozialen Gerechtigkeit nicht nur politisch, sondern auch kulturell tief verwurzelt war. Historisch gesehen hat er gezeigt, dass ein friedlicher Übergang möglich ist, wenn man die kulturellen Wurzeln und Traditionen respektiert.
>>Sociologist: Guten Morgen zusammen! Es ist interessant zu sehen, wie wir heute über die Bedeutung der Menschenrechte und soziale Gerechtigkeit sprechen. Man muss verstehen, dass kulturelle Wurzeln eine wichtige Rolle spielen.
>>Historian: Es ist wichtig zu beachten, dass Mandelas Ansatz zur Versöhnung und sozialen Gerechtigkeit nicht nur politisch, sondern auch kulturell tief verwurzelt war. Historisch gesehen hat er gezeigt, dass ein friedlicher Übergang möglich ist, wenn man die kulturellen Wurzeln und Traditionen respektiert.
>>Political Scientist: Es ist klar, dass wir heute nicht nur über die Bedeutung der Menschenrechte sprechen sollten, sondern auch konkrete Schritte zur Förderung sozialer Gerechtigkeit diskutieren müssen. Politisch gesehen ist es entscheidend, dass wir uns auf praktische Maßnahmen konzentrieren!
>>Historian: Es ist wichtig zu beachten, dass Mandelas Ansatz zur Versöhnung und sozialen Gerechtigkeit nicht nur politisch, sondern auch kulturell tief verwurzelt war. Historisch gesehen hat er gezeigt, dass ein friedlicher Übergang möglich ist, wenn man die kulturellen Wurzeln und Traditionen respektiert.
>>Political Scientist: Es ist klar, dass wir heute nicht nur über die Bedeutung der Menschenrechte sprechen sollten, sondern auch konkrete Schritte zur Förderung sozialer Gerechtigkeit diskutieren müssen. Politisch gesehen ist es entscheidend, dass wir uns auf praktische Maßnahmen konzentrieren!
>>Historian: Es ist wichtig zu beachten, dass Mandelas Ansatz zur Versöhnung und sozialen Gerechtigkeit nicht nur politisch, sondern auch kulturell tief verwurzelt war. Historisch gesehen hat er gezeigt, dass ein friedlicher Übergang möglich ist, wenn man die kulturellen Wurzeln und Traditionen respektiert.
>>Human Rights Activist: Guten Morgen zusammen! Es ist unsere Pflicht, heute über die Bedeutung der Menschenrechte zu sprechen und wie wir gemeinsam für soziale Gerechtigkeit kämpfen können. Das ist wichtig!
>>Historian: Es ist wichtig zu beachten, dass Mandelas Ansatz zur Versöhnung und sozialen Gerechtigkeit nicht nur politisch, sondern auch kulturell tief verwurzelt war. Historisch gesehen hat er gezeigt, dass ein friedlicher Übergang möglich ist, wenn man die kulturellen Wurzeln und Traditionen respektiert.
>>Sociologist: Guten Morgen zusammen! Es ist interessant zu sehen, wie wir heute über die Bedeutung der Menschenrechte und soziale Gerechtigkeit sprechen. Man muss verstehen, dass kulturelle Wurzeln eine wichtige Rolle spielen.
>>Historian: Es ist wichtig zu beachten, dass Mandelas Ansatz zur Versöhnung und sozialen Gerechtigkeit nicht nur politisch, sondern auch kulturell tief verwurzelt war. Historisch gesehen hat er gezeigt, dass ein friedlicher Übergang möglich ist, wenn man die kulturellen Wurzeln und Traditionen respektiert.
>>Political Scientist: Es ist klar, dass wir heute nicht nur über die Bedeutung der Menschenrechte sprechen sollten, sondern auch konkrete Schritte zur Förderung sozialer Gerechtigkeit diskutieren müssen. Politisch gesehen ist es entscheidend, dass wir uns auf praktische Maßnahmen konzentrieren!
>>Historian: Es ist wichtig zu beachten, dass Mandelas Ansatz zur Versöhnung und sozialen Gerechtigkeit nicht nur politisch, sondern auch kulturell tief verwurzelt war. Historisch gesehen hat er gezeigt, dass ein friedlicher Übergang möglich ist, wenn man die kulturellen Wurzeln und Traditionen respektiert.
>>Political Scientist: Es ist klar, dass wir heute nicht nur über die Bedeutung der Menschenrechte sprechen sollten, sondern auch konkrete Schritte zur Förderung sozialer Gerechtigkeit diskutieren müssen. Politisch gesehen ist es entscheidend, dass wir uns auf praktische Maßnahmen konzentrieren!
>>Historian: Es ist wichtig zu beachten, dass Mandelas Ansatz zur Versöhnung und sozialen Gerechtigkeit nicht nur politisch, sondern auch kulturell tief verwurzelt war. Historisch gesehen hat er gezeigt, dass ein friedlicher Übergang möglich ist, wenn man die kulturellen Wurzeln und Traditionen respektiert.
>>Political Scientist: Es ist klar, dass wir heute nicht nur über die Bedeutung der Menschenrechte sprechen sollten, sondern auch konkrete Schritte zur Förderung sozialer Gerechtigkeit diskutieren müssen. Politisch gesehen ist es entscheidend, dass wir uns auf praktische Maßnahmen konzentrieren!
>>Human Rights Activist: Guten Morgen zusammen! Es ist unsere Pflicht, heute über die Bedeutung der Menschenrechte zu sprechen und wie wir gemeinsam für soziale Gerechtigkeit kämpfen können. Das ist wichtig!
>>Historian: Es ist wichtig zu beachten, dass Mandelas Ansatz zur Versöhnung und sozialen Gerechtigkeit nicht nur politisch, sondern auch kulturell tief verwurzelt war. Historisch gesehen hat er gezeigt, dass ein friedlicher Übergang möglich ist, wenn man die kulturellen Wurzeln und Traditionen respektiert.
>>Political Scientist: Es ist klar, dass wir heute nicht nur über die Bedeutung der Menschenrechte sprechen sollten, sondern auch konkrete Schritte zur Förderung sozialer Gerechtigkeit diskutieren müssen. Politisch gesehen ist es entscheidend, dass wir uns auf praktische Maßnahmen konzentrieren!
>>Sociologist: Guten Morgen zusammen! Es ist interessant zu sehen, wie wir heute über die Bedeutung der Menschenrechte und soziale Gerechtigkeit sprechen. Man muss verstehen, dass kulturelle Wurzeln eine wichtige Rolle spielen.
>>Historian: Es ist wichtig zu beachten, dass Mandelas Ansatz zur Versöhnung und sozialen Gerechtigkeit nicht nur politisch, sondern auch kulturell tief verwurzelt war. Historisch gesehen hat er gezeigt, dass ein friedlicher Übergang möglich ist, wenn man die kulturellen Wurzeln und Traditionen respektiert.
>>Political Scientist: Es ist klar, dass wir heute nicht nur über die Bedeutung der Menschenrechte sprechen sollten, sondern auch konkrete Schritte zur Förderung sozialer Gerechtigkeit diskutieren müssen. Politisch gesehen ist es entscheidend, dass wir uns auf praktische Maßnahmen konzentrieren!
>>Human Rights Activist: Guten Morgen zusammen! Es ist unsere Pflicht, heute über die Bedeutung der Menschenrechte zu sprechen und wie wir gemeinsam für soziale Gerechtigkeit kämpfen können. Das ist wichtig!
>>Historian: Es ist wichtig zu beachten, dass Mandelas Ansatz zur Versöhnung und sozialen Gerechtigkeit nicht nur politisch, sondern auch kulturell tief verwurzelt war. Historisch gesehen hat er gezeigt, dass ein friedlicher Übergang möglich ist, wenn man die kulturellen Wurzeln und Traditionen respektiert.
>>Sociologist: Guten Morgen zusammen! Es ist interessant zu sehen, wie wir heute über die Bedeutung der Menschenrechte und soziale Gerechtigkeit sprechen. Man muss verstehen, dass kulturelle Wurzeln eine wichtige Rolle spielen.
>>Historian: Es ist wichtig zu beachten, dass Mandelas Ansatz zur Versöhnung und sozialen Gerechtigkeit nicht nur politisch, sondern auch kulturell tief verwurzelt war. Historisch gesehen hat er gezeigt, dass ein friedlicher Übergang möglich ist, wenn man die kulturellen Wurzeln und Traditionen respektiert.","The transcript contains repeated dialogue and lacks coherence. While the greeting is present, the objectives and expected outcomes are not clearly outlined. The conversation does not encourage spontaneous contributions effectively due to repetition. The scene needs restructuring to ensure clarity and engagement."
7,"
>>Human Rights Activist: Es ist unsere Pflicht, die universellen Menschenrechte zu fördern und dabei ethische Überlegungen nicht aus den Augen zu verlieren. Mandela hat gezeigt, dass Respekt und Konsensfindung zentrale Werte sind, die uns helfen können, innovative Lösungen für soziale Gerechtigkeit zu entwickeln. Weißt du, wir müssen handeln!
>>Political Scientist: Es ist klar, dass Mandela uns gezeigt hat, wie wichtig es ist, politische Strategien mit ethischen Werten zu verbinden. Politisch gesehen können wir von ihm lernen, dass Konsensfindung und Respekt entscheidend sind für innovative Lösungen! Fantastisch!
>>Historian: Es ist wichtig zu beachten, dass Mandelas Ansatz zur Konsensfindung und sein tiefes Verständnis für die kulturellen Werte der Xhosa-Gemeinschaft uns zeigen, wie wir innovative Lösungen entwickeln können. Historisch gesehen hat Mandela durch seine Fähigkeit, verschiedene Perspektiven zu integrieren und gemeinsame Ziele zu formulieren, eine Grundlage für nachhaltige soziale Veränderungen geschaffen.
>>Sociologist: Es ist interessant zu sehen, wie Mandela durch seine kulturelle Verwurzelung und die Fähigkeit zur Konsensfindung innovative Ideen inspiriert hat. Kulturell gesehen können wir von ihm lernen, dass Gemeinschaftswerte wie Respekt und Zusammenarbeit entscheidend sind für soziale Innovationen. Weißt du, manchmal sind es gerade diese tief verwurzelten Werte, die den größten Wandel bewirken!
>>Psychologist: Es ist interessant zu sehen, wie Mandelas psychologische Resilienz und seine Fähigkeit, Hoffnung zu bewahren, uns inspirieren können. Das ist psychologisch gesehen ein Schlüssel zur Innovation! Man muss verstehen, dass mentale Gesundheit und innere Stärke entscheidend sind für die Entwicklung neuer Ideen und Lösungen.
>>Historian: Es ist wichtig zu beachten, dass Mandelas Fähigkeit zur Konsensfindung und sein tiefes Verständnis für die kulturellen Werte der Xhosa-Gemeinschaft uns zeigen, wie wir innovative Lösungen entwickeln können. Historisch gesehen hat Mandela durch seine Fähigkeit, verschiedene Perspektiven zu integrieren und gemeinsame Ziele zu formulieren, eine Grundlage für nachhaltige soziale Veränderungen geschaffen.
>>Political Scientist: Es ist klar, dass Mandelas Fähigkeit zur Konsensfindung und sein tiefes Verständnis für die kulturellen Werte der Xhosa-Gemeinschaft uns zeigen, wie wir innovative Lösungen entwickeln können. Politisch gesehen können wir von ihm lernen, dass Respekt und Zusammenarbeit entscheidend sind für nachhaltige soziale Veränderungen! Beeindruckend!
>>Historian: Es ist wichtig zu beachten, dass Mandelas Fähigkeit zur Konsensfindung und sein tiefes Verständnis für die kulturellen Werte der Xhosa-Gemeinschaft uns zeigen, wie wir innovative Lösungen entwickeln können. Historisch gesehen hat Mandela durch seine Fähigkeit, verschiedene Perspektiven zu integrieren und gemeinsame Ziele zu formulieren, eine Grundlage für nachhaltige soziale Veränderungen geschaffen.
>>Political Scientist: Es ist klar, dass Mandelas Fähigkeit zur Konsensfindung und sein tiefes Verständnis für die kulturellen Werte der Xhosa-Gemeinschaft uns zeigen, wie wir innovative Lösungen entwickeln können. Politisch gesehen können wir von ihm lernen, dass Respekt und Zusammenarbeit entscheidend sind für nachhaltige soziale Veränderungen! Beeindruckend!
>>Historian: Es ist wichtig zu beachten, dass Mandelas Fähigkeit zur Konsensfindung und sein tiefes Verständnis für die kulturellen Werte der Xhosa-Gemeinschaft uns zeigen, wie wir innovative Lösungen entwickeln können. Historisch gesehen hat Mandela durch seine Fähigkeit, verschiedene Perspektiven zu integrieren und gemeinsame Ziele zu formulieren, eine Grundlage für nachhaltige soziale Veränderungen geschaffen.
>>Human Rights Activist: Es ist unsere Pflicht, die universellen Menschenrechte zu fördern und dabei ethische Überlegungen nicht aus den Augen zu verlieren. Mandela hat gezeigt, dass Respekt und Konsensfindung zentrale Werte sind, die uns helfen können, innovative Lösungen für soziale Gerechtigkeit zu entwickeln. Weißt du, wir müssen handeln!
>>Sociologist: Es ist interessant zu sehen, wie Mandela durch seine kulturelle Verwurzelung und die Fähigkeit zur Konsensfindung innovative Ideen inspiriert hat. Kulturell gesehen können wir von ihm lernen, dass Gemeinschaftswerte wie Respekt und Zusammenarbeit entscheidend sind für soziale Innovationen. Weißt du, manchmal sind es gerade diese tief verwurzelten Werte, die den größten Wandel bewirken!
>>Historian: Es ist wichtig zu beachten, dass Mandelas Fähigkeit zur Konsensfindung und sein tiefes Verständnis für die kulturellen Werte der Xhosa-Gemeinschaft uns zeigen, wie wir innovative Lösungen entwickeln können. Historisch gesehen hat Mandela durch seine Fähigkeit, verschiedene Perspektiven zu integrieren und gemeinsame Ziele zu formulieren, eine Grundlage für nachhaltige soziale Veränderungen geschaffen.
>>Political Scientist: Es ist klar, dass Mandela uns gezeigt hat, wie wichtig es ist, politische Strategien mit ethischen Werten zu verbinden. Politisch gesehen können wir von ihm lernen, dass Konsensfindung und Respekt entscheidend sind für innovative Lösungen! Fantastisch!
>>Historian: Es ist wichtig zu beachten, dass Mandelas Fähigkeit zur Konsensfindung und sein tiefes Verständnis für die kulturellen Werte der Xhosa-Gemeinschaft uns zeigen, wie wir innovative Lösungen entwickeln können. Historisch gesehen hat Mandela durch seine Fähigkeit, verschiedene Perspektiven zu integrieren und gemeinsame Ziele zu formulieren, eine Grundlage für nachhaltige soziale Veränderungen geschaffen.
>>Political Scientist: Es ist klar, dass Mandela uns gezeigt hat, wie wichtig es ist, politische Strategien mit ethischen Werten zu verbinden. Politisch gesehen können wir von ihm lernen, dass Konsensfindung und Respekt entscheidend sind für innovative Lösungen! Fantastisch!
>>Historian: Es ist wichtig zu beachten, dass Mandelas Fähigkeit zur Konsensfindung und sein tiefes Verständnis für die kulturellen Werte der Xhosa-Gemeinschaft uns zeigen, wie wir innovative Lösungen entwickeln können. Historisch gesehen hat Mandela durch seine Fähigkeit, verschiedene Perspektiven zu integrieren und gemeinsame Ziele zu formulieren, eine Grundlage für nachhaltige soziale Veränderungen geschaffen.
>>Sociologist: Es ist interessant zu sehen, wie Mandela durch seine kulturelle Verwurzelung und die Fähigkeit zur Konsensfindung innovative Ideen inspiriert hat. Kulturell gesehen können wir von ihm lernen, dass Gemeinschaftswerte wie Respekt und Zusammenarbeit entscheidend sind für soziale Innovationen. Weißt du, manchmal sind es gerade diese tief verwurzelten Werte, die den größten Wandel bewirken!
>>Historian: Es ist wichtig zu beachten, dass Mandelas Fähigkeit zur Konsensfindung und sein tiefes Verständnis für die kulturellen Werte der Xhosa-Gemeinschaft uns zeigen, wie wir innovative Lösungen entwickeln können. Historisch gesehen hat Mandela durch seine Fähigkeit, verschiedene Perspektiven zu integrieren und gemeinsame Ziele zu formulieren, eine Grundlage für nachhaltige soziale Veränderungen geschaffen.
>>Political Scientist: Es ist klar, dass Mandela uns gezeigt hat, wie wichtig es ist, politische Strategien mit ethischen Werten zu verbinden. Politisch gesehen können wir von ihm lernen, dass Konsensfindung und Respekt entscheidend sind für innovative Lösungen! Fantastisch!
>>Historian: Es ist wichtig zu beachten, dass Mandelas Fähigkeit zur Konsensfindung und sein tiefes Verständnis für die kulturellen Werte der Xhosa-Gemeinschaft uns zeigen, wie wir innovative Lösungen entwickeln können. Historisch gesehen hat Mandela durch seine Fähigkeit, verschiedene Perspektiven zu integrieren und gemeinsame Ziele zu formulieren, eine Grundlage für nachhaltige soziale Veränderungen geschaffen.
>>Human Rights Activist: Es ist unsere Pflicht, die universellen Menschenrechte zu fördern und dabei ethische Überlegungen nicht aus den Augen zu verlieren. Mandela hat gezeigt, dass Respekt und Konsensfindung zentrale Werte sind, die uns helfen können, innovative Lösungen für soziale Gerechtigkeit zu entwickeln. Weißt du, wir müssen handeln!
>>Sociologist: Es ist interessant zu sehen, wie Mandela durch seine kulturelle Verwurzelung und die Fähigkeit zur Konsensfindung innovative Ideen inspiriert hat. Kulturell gesehen können wir von ihm lernen, dass Gemeinschaftswerte wie Respekt und Zusammenarbeit entscheidend sind für soziale Innovationen. Weißt du, manchmal sind es gerade diese tief verwurzelten Werte, die den größten Wandel bewirken!
>>Historian: Es ist wichtig zu beachten, dass Mandelas Fähigkeit zur Konsensfindung und sein tiefes Verständnis für die kulturellen Werte der Xhosa-Gemeinschaft uns zeigen, wie wir innovative Lösungen entwickeln können. Historisch gesehen hat Mandela durch seine Fähigkeit, verschiedene Perspektiven zu integrieren und gemeinsame Ziele zu formulieren, eine Grundlage für nachhaltige soziale Veränderungen geschaffen.
>>Political Scientist: Es ist klar, dass Mandela uns gezeigt hat, wie wichtig es ist, politische Strategien mit ethischen Werten zu verbinden. Politisch gesehen können wir von ihm lernen, dass Konsensfindung und Respekt entscheidend sind für innovative Lösungen! Fantastisch!
>>Historian: Es ist wichtig zu beachten, dass Mandela nicht nur ein politischer Führer war, sondern auch ein Symbol für die Fähigkeit zur Versöhnung und Integration verschiedener kultureller Perspektiven. Historisch gesehen hat seine Arbeit gezeigt, wie tief verwurzelte Gemeinschaftswerte wie Respekt und Zusammenarbeit innovative soziale Veränderungen inspirieren können.
>>Political Scientist: Es ist klar, dass Mandelas Fähigkeit zur Konsensfindung und sein tiefes Verständnis für die kulturellen Werte der Xhosa-Gemeinschaft uns zeigen, wie wir innovative Lösungen entwickeln können. Politisch gesehen können wir von ihm lernen, dass Respekt und Zusammenarbeit entscheidend sind für nachhaltige soziale Veränderungen! Beeindruckend!
>>Historian: Es ist wichtig zu beachten, dass Mandelas Fähigkeit zur Konsensfindung und sein tiefes Verständnis für die kulturellen Werte der Xhosa-Gemeinschaft uns zeigen, wie wir innovative Lösungen entwickeln können. Historisch gesehen hat Mandela durch seine Fähigkeit, verschiedene Perspektiven zu integrieren und gemeinsame Ziele zu formulieren, eine Grundlage für nachhaltige soziale Veränderungen geschaffen.
>>Political Scientist: Es ist klar, dass Mandela uns gezeigt hat, wie wichtig es ist, politische Strategien mit ethischen Werten zu verbinden. Politisch gesehen können wir von ihm lernen, dass Konsensfindung und Respekt entscheidend sind für innovative Lösungen! Fantastisch!
>>Historian: Es ist wichtig zu beachten, dass Mandelas Fähigkeit zur Konsensfindung und sein tiefes Verständnis für die kulturellen Werte der Xhosa-Gemeinschaft uns zeigen, wie wir innovative Lösungen entwickeln können. Historisch gesehen hat Mandela durch seine Fähigkeit, verschiedene Perspektiven zu integrieren und gemeinsame Ziele zu formulieren, eine Grundlage für nachhaltige soziale Veränderungen geschaffen.
>>Human Rights Activist: Es ist unsere Pflicht, die universellen Menschenrechte zu fördern und dabei ethische Überlegungen nicht aus den Augen zu verlieren. Mandela hat gezeigt, dass Respekt und Konsensfindung zentrale Werte sind, die uns helfen können, innovative Lösungen für soziale Gerechtigkeit zu entwickeln. Weißt du, wir müssen handeln!
>>Historian: Es ist wichtig zu beachten, dass Mandelas Fähigkeit zur Konsensfindung und sein tiefes Verständnis für die kulturellen Werte der Xhosa-Gemeinschaft uns zeigen, wie wir innovative Lösungen entwickeln können. Historisch gesehen hat Mandela durch seine Fähigkeit, verschiedene Perspektiven zu integrieren und gemeinsame Ziele zu formulieren, eine Grundlage für nachhaltige soziale Veränderungen geschaffen.
>>Human Rights Activist: Es ist unsere Pflicht, die universellen Menschenrechte zu fördern und dabei ethische Überlegungen nicht aus den Augen zu verlieren. Mandela hat gezeigt, dass Respekt und Konsensfindung zentrale Werte sind, die uns helfen können, innovative Lösungen für soziale Gerechtigkeit zu entwickeln. Weißt du, wir müssen handeln!
>>Sociologist: Es ist interessant zu sehen, wie Mandela durch seine kulturelle Verwurzelung und die Fähigkeit zur Konsensfindung innovative Ideen inspiriert hat. Kulturell gesehen können wir von ihm lernen, dass Gemeinschaftswerte wie Respekt und Zusammenarbeit entscheidend sind für soziale Innovationen. Weißt du, manchmal sind es gerade diese tief verwurzelten Werte, die den größten Wandel bewirken!
>>Psychologist: Es ist interessant zu sehen, wie Mandela durch seine psychologische Resilienz nicht nur Hoffnung bewahrt hat, sondern auch die Fähigkeit entwickelt hat, inmitten von Unterdrückung neue Ideen zu fördern. Das ist psychologisch gesehen ein Schlüssel zur Innovation! Man muss verstehen, dass mentale Gesundheit und innere Stärke entscheidend sind für die Entwicklung neuer Ideen und Lösungen.
>>Historian: Es ist wichtig zu beachten, dass Mandelas Fähigkeit zur Konsensfindung und sein tiefes Verständnis für die kulturellen Werte der Xhosa-Gemeinschaft uns zeigen, wie wir innovative Lösungen entwickeln können. Historisch gesehen hat Mandela durch seine Fähigkeit, verschiedene Perspektiven zu integrieren und gemeinsame Ziele zu formulieren, eine Grundlage für nachhaltige soziale Veränderungen geschaffen.
>>Human Rights Activist: Es ist unsere Pflicht, die universellen Menschenrechte zu fördern und dabei ethische Überlegungen nicht aus den Augen zu verlieren. Mandela hat gezeigt, dass Respekt und Konsensfindung zentrale Werte sind, die uns helfen können, innovative Lösungen für soziale Gerechtigkeit zu entwickeln. Weißt du, wir müssen handeln!
>>Historian: Es ist wichtig zu beachten, dass Mandelas Fähigkeit zur Konsensfindung und sein tiefes Verständnis für die kulturellen Werte der Xhosa-Gemeinschaft uns zeigen, wie wir innovative Lösungen entwickeln können. Historisch gesehen hat Mandela durch seine Fähigkeit, verschiedene Perspektiven zu integrieren und gemeinsame Ziele zu formulieren, eine Grundlage für nachhaltige soziale Veränderungen geschaffen.
>>Political Scientist: Es ist klar, dass Mandela uns gezeigt hat, wie wichtig es ist, politische Strategien mit ethischen Werten zu verbinden. Politisch gesehen können wir von ihm lernen, dass Konsensfindung und Respekt entscheidend sind für innovative Lösungen! Fantastisch!","The summary for Scene 7 emphasizes brainstorming innovative ideas inspired by Mandela's legacy, opening the floor for generating new opportunities and ideas, and encouraging sharing personal experiences that foster innovation. The transcript primarily focuses on discussing Mandela's values such as respect, consensus-building, cultural understanding, and psychological resilience as sources of inspiration for social change and innovation. While these discussions are relevant to Mandela's legacy, the transcript is highly repetitive with multiple participants reiterating similar points without much variation or personal experience sharing. This repetition detracts from the dynamic brainstorming atmosphere intended in the summary. Additionally, there is limited evidence of generating new opportunities or ideas beyond acknowledging Mandela's influence. To improve the scene, participants should focus more on actively brainstorming specific innovative ideas inspired by Mandela’s principles and share personal experiences or examples that illustrate how these principles can be applied to foster innovation."
8,"
>>Psychologist: Es ist interessant zu sehen, wie Mandelas Resilienz nicht nur seine eigene mentale Gesundheit gestärkt hat, sondern auch als Vorbild für viele andere diente. Man muss verstehen, dass psychologische Unterstützung in solchen extremen Situationen entscheidend ist!
>>Historian: Es ist wichtig zu beachten, dass Mandelas Resilienz nicht nur durch seine persönliche Stärke und psychologische Unterstützung geprägt war, sondern auch durch die historische und kulturelle Verwurzelung in seiner Gemeinschaft. Historisch gesehen hat diese tiefe Verbindung zu den Thembu und Xhosa ihm eine solide Basis gegeben, um gegen die Apartheid zu kämpfen.
>>Political Scientist: Es ist klar, dass Mandelas Resilienz nicht nur durch seine persönliche Stärke geprägt war, sondern auch durch die strategische Unterstützung des ANC. Politisch gesehen war diese Kombination entscheidend für den Erfolg im Kampf gegen die Apartheid!
>>Human Rights Activist: Es ist unsere Pflicht, die ethischen Überlegungen in Mandelas Kampf zu betonen. Seine Gewaltlosigkeit und moralische Integrität sind universelle Prinzipien, die wir auch heute anwenden müssen. Menschenrechte sind universell!
>>Historian: Es ist wichtig zu beachten, dass Mandelas Resilienz nicht nur durch seine persönliche Stärke und psychologische Unterstützung geprägt war, sondern auch durch die historische und kulturelle Verwurzelung in seiner Gemeinschaft. Historisch gesehen hat diese tiefe Verbindung zu den Thembu und Xhosa ihm eine solide Basis gegeben, um gegen die Apartheid zu kämpfen.
>>Political Scientist: Es ist klar, dass Mandelas Resilienz nicht nur durch seine persönliche Stärke geprägt war, sondern auch durch die strategische Unterstützung des ANC. Politisch gesehen war diese Kombination entscheidend für den Erfolg im Kampf gegen die Apartheid!
>>Historian: Es ist wichtig zu beachten, dass Mandelas Resilienz nicht nur durch seine persönliche Stärke und psychologische Unterstützung geprägt war, sondern auch durch die historische und kulturelle Verwurzelung in seiner Gemeinschaft. Historisch gesehen hat diese tiefe Verbindung zu den Thembu und Xhosa ihm eine solide Basis gegeben, um gegen die Apartheid zu kämpfen.
>>Human Rights Activist: Es ist unsere Pflicht, die ethischen Überlegungen in Mandelas Kampf zu betonen. Seine Gewaltlosigkeit und moralische Integrität sind universelle Prinzipien, die wir auch heute anwenden müssen. Menschenrechte sind universell!
>>Sociologist: Es ist interessant zu sehen, wie Mandelas kulturelle Verwurzelung ihm nicht nur eine starke Identität gegeben hat, sondern auch als Brücke zwischen verschiedenen Gemeinschaften diente. Kulturell gesehen war er ein Symbol der Einheit und des Widerstands!
>>Historian: Es ist wichtig zu beachten, dass Mandelas Resilienz nicht nur durch seine persönliche Stärke und psychologische Unterstützung geprägt war, sondern auch durch die historische und kulturelle Verwurzelung in seiner Gemeinschaft. Historisch gesehen hat diese tiefe Verbindung zu den Thembu und Xhosa ihm eine solide Basis gegeben, um gegen die Apartheid zu kämpfen.
>>Political Scientist: Es ist klar, dass Mandelas Resilienz nicht nur durch seine persönliche Stärke geprägt war, sondern auch durch die strategische Unterstützung des ANC. Politisch gesehen war diese Kombination entscheidend für den Erfolg im Kampf gegen die Apartheid!
>>Human Rights Activist: Es ist unsere Pflicht, die ethischen Überlegungen in Mandelas Kampf zu betonen. Seine Gewaltlosigkeit und moralische Integrität sind universelle Prinzipien, die wir auch heute anwenden müssen. Menschenrechte sind universell!
>>Sociologist: Es ist interessant zu sehen, wie Mandelas kulturelle Verwurzelung ihm nicht nur eine starke Identität gegeben hat, sondern auch als Brücke zwischen verschiedenen Gemeinschaften diente. Kulturell gesehen war er ein Symbol der Einheit und des Widerstands!
>>Historian: Es ist wichtig zu beachten, dass Mandelas Resilienz nicht nur durch seine persönliche Stärke und psychologische Unterstützung geprägt war, sondern auch durch die historische und kulturelle Verwurzelung in seiner Gemeinschaft. Historisch gesehen hat diese tiefe Verbindung zu den Thembu und Xhosa ihm eine solide Basis gegeben, um gegen die Apartheid zu kämpfen.
>>Political Scientist: Es ist klar, dass Mandelas Resilienz nicht nur durch seine persönliche Stärke geprägt war, sondern auch durch die strategische Unterstützung des ANC. Politisch gesehen war diese Kombination entscheidend für den Erfolg im Kampf gegen die Apartheid!
>>Human Rights Activist: Es ist unsere Pflicht, die ethischen Überlegungen in Mandelas Kampf zu betonen. Seine Gewaltlosigkeit und moralische Integrität sind universelle Prinzipien, die wir auch heute anwenden müssen. Menschenrechte sind universell!
>>Historian: Man könnte argumentieren, dass Mandelas Resilienz nicht nur durch seine persönliche Stärke und die Unterstützung des ANC geprägt war, sondern auch durch die tief verwurzelte kulturelle Identität, die ihm half, Brücken zwischen verschiedenen Gemeinschaften zu bauen. Historisch gesehen ist dies von großer Bedeutung.
>>Political Scientist: Es ist klar, dass Mandelas Resilienz nicht nur durch seine persönliche Stärke geprägt war, sondern auch durch die strategische Unterstützung des ANC. Politisch gesehen war diese Kombination entscheidend für den Erfolg im Kampf gegen die Apartheid!
>>Human Rights Activist: Es ist unsere Pflicht, die ethischen Überlegungen in Mandelas Kampf zu betonen. Seine Gewaltlosigkeit und moralische Integrität sind universelle Prinzipien, die wir auch heute anwenden müssen. Menschenrechte sind universell!
>>Historian: Es ist wichtig zu beachten, dass Mandelas Resilienz nicht nur durch seine persönliche Stärke und psychologische Unterstützung geprägt war, sondern auch durch die historische und kulturelle Verwurzelung in seiner Gemeinschaft. Historisch gesehen hat diese tiefe Verbindung zu den Thembu und Xhosa ihm eine solide Basis gegeben, um gegen die Apartheid zu kämpfen.
>>Political Scientist: Es ist klar, dass Mandelas Resilienz nicht nur durch seine persönliche Stärke geprägt war, sondern auch durch die strategische Unterstützung des ANC. Politisch gesehen war diese Kombination entscheidend für den Erfolg im Kampf gegen die Apartheid!
>>Historian: Es ist wichtig zu beachten, dass Mandelas Resilienz nicht nur durch seine persönliche Stärke und psychologische Unterstützung geprägt war, sondern auch durch die historische und kulturelle Verwurzelung in seiner Gemeinschaft. Historisch gesehen hat diese tiefe Verbindung zu den Thembu und Xhosa ihm eine solide Basis gegeben, um gegen die Apartheid zu kämpfen.
>>Human Rights Activist: Es ist unsere Pflicht, die ethischen Überlegungen in Mandelas Kampf zu betonen. Seine Gewaltlosigkeit und moralische Integrität sind universelle Prinzipien, die wir auch heute anwenden müssen. Menschenrechte sind universell!
>>Historian: Es ist wichtig zu beachten, dass Mandelas Resilienz nicht nur durch seine persönliche Stärke und psychologische Unterstützung geprägt war, sondern auch durch die historische und kulturelle Verwurzelung in seiner Gemeinschaft. Historisch gesehen hat diese tiefe Verbindung zu den Thembu und Xhosa ihm eine solide Basis gegeben, um gegen die Apartheid zu kämpfen.
>>Political Scientist: Es ist klar, dass Mandelas Resilienz nicht nur durch seine persönliche Stärke geprägt war, sondern auch durch die strategische Unterstützung des ANC. Politisch gesehen war diese Kombination entscheidend für den Erfolg im Kampf gegen die Apartheid!
>>Historian: Es ist wichtig zu beachten, dass Mandelas Resilienz nicht nur durch seine persönliche Stärke und psychologische Unterstützung geprägt war, sondern auch durch die historische und kulturelle Verwurzelung in seiner Gemeinschaft. Historisch gesehen hat diese tiefe Verbindung zu den Thembu und Xhosa ihm eine solide Basis gegeben, um gegen die Apartheid zu kämpfen.
>>Human Rights Activist: Es ist unsere Pflicht, die ethischen Überlegungen in Mandelas Kampf zu betonen. Seine Gewaltlosigkeit und moralische Integrität sind universelle Prinzipien, die wir auch heute anwenden müssen. Menschenrechte sind universell!
>>Sociologist: Es ist interessant zu sehen, wie Mandelas kulturelle Verwurzelung ihm nicht nur eine starke Identität gegeben hat, sondern auch als Brücke zwischen verschiedenen Gemeinschaften diente. Kulturell gesehen war er ein Symbol der Einheit und des Widerstands!
>>Historian: Es ist wichtig zu beachten, dass Mandelas Resilienz nicht nur durch seine persönliche Stärke und psychologische Unterstützung geprägt war, sondern auch durch die historische und kulturelle Verwurzelung in seiner Gemeinschaft. Historisch gesehen hat diese tiefe Verbindung zu den Thembu und Xhosa ihm eine solide Basis gegeben, um gegen die Apartheid zu kämpfen.
>>Political Scientist: Es ist klar, dass Mandelas Resilienz nicht nur durch seine persönliche Stärke geprägt war, sondern auch durch die strategische Unterstützung des ANC. Politisch gesehen war diese Kombination entscheidend für den Erfolg im Kampf gegen die Apartheid!
>>Human Rights Activist: Es ist unsere Pflicht, die ethischen Überlegungen in Mandelas Kampf zu betonen. Seine Gewaltlosigkeit und moralische Integrität sind universelle Prinzipien, die wir auch heute anwenden müssen. Menschenrechte sind universell!
>>Sociologist: Es ist interessant zu sehen, wie Mandelas kulturelle Verwurzelung ihm nicht nur eine starke Identität gegeben hat, sondern auch als Brücke zwischen verschiedenen Gemeinschaften diente. Kulturell gesehen war er ein Symbol der Einheit und des Widerstands!
>>Historian: Es ist wichtig zu beachten, dass Mandelas Resilienz nicht nur durch seine persönliche Stärke und psychologische Unterstützung geprägt war, sondern auch durch die historische und kulturelle Verwurzelung in seiner Gemeinschaft. Historisch gesehen hat diese tiefe Verbindung zu den Thembu und Xhosa ihm eine solide Basis gegeben, um gegen die Apartheid zu kämpfen.
>>Political Scientist: Es ist klar, dass Mandelas Resilienz nicht nur durch seine persönliche Stärke geprägt war, sondern auch durch die strategische Unterstützung des ANC. Politisch gesehen war diese Kombination entscheidend für den Erfolg im Kampf gegen die Apartheid!
>>Historian: Es ist wichtig zu beachten, dass Mandelas Resilienz nicht nur durch seine persönliche Stärke und psychologische Unterstützung geprägt war, sondern auch durch die historische und kulturelle Verwurzelung in seiner Gemeinschaft. Historisch gesehen hat diese tiefe Verbindung zu den Thembu und Xhosa ihm eine solide Basis gegeben, um gegen die Apartheid zu kämpfen.
>>Political Scientist: Es ist klar, dass Mandelas Resilienz nicht nur durch seine persönliche Stärke geprägt war, sondern auch durch die strategische Unterstützung des ANC. Politisch gesehen war diese Kombination entscheidend für den Erfolg im Kampf gegen die Apartheid!
>>Human Rights Activist: Es ist unsere Pflicht, die ethischen Überlegungen in Mandelas Kampf zu betonen. Seine Gewaltlosigkeit und moralische Integrität sind universelle Prinzipien, die wir auch heute anwenden müssen. Menschenrechte sind universell!
>>Sociologist: Es ist interessant zu sehen, wie Mandelas kulturelle Verwurzelung ihm nicht nur eine starke Identität gegeben hat, sondern auch als Brücke zwischen verschiedenen Gemeinschaften diente. Kulturell gesehen war er ein Symbol der Einheit und des Widerstands!
>>Historian: Es ist wichtig zu beachten, dass Mandelas Resilienz nicht nur durch seine persönliche Stärke und psychologische Unterstützung geprägt war, sondern auch durch die historische und kulturelle Verwurzelung in seiner Gemeinschaft. Historisch gesehen hat diese tiefe Verbindung zu den Thembu und Xhosa ihm eine solide Basis gegeben, um gegen die Apartheid zu kämpfen.","The transcript primarily focuses on Mandela's resilience, his personal strength, psychological support, historical and cultural roots, strategic support from the ANC, and ethical considerations in his fight against apartheid. These topics are repeated multiple times by different participants. While the summary suggests allowing space for spontaneous thoughts and off-topic discussions to foster a relaxed atmosphere, the transcript does not show much deviation or natural conversation flow. The dialogue is repetitive and lacks variety in contributions. To improve the scene, participants should introduce more spontaneous thoughts or off-topic discussions that add depth and context to the main topics while maintaining a natural conversation flow."
