original_scene,refined_scene,ai_feedback,finalized_scene
"
>>Innovation Strategist: Well, it's fantastic to see everyone here today! Let's kick things off by setting some clear objectives for our forum. How can we leverage innovative solutions to drive growth and efficiency in our business strategies?
>>3D Printing Specialist: Well, it's great to see everyone here today! Let's make sure we set clear objectives for our forum. How can we leverage innovative solutions to drive growth and efficiency in our business strategies?
>>CAD Designer: Indeed! It's great to see everyone here today. As we set our objectives, let's ensure that we focus on design precision in our CAD models to maximize the efficiency and accuracy of our additive manufacturing processes.
>>3D Printing Specialist: So, it's fantastic to see everyone here today! Let's make sure we set clear objectives for our forum. How can we leverage innovative solutions to drive growth and efficiency in our business strategies?
>>CAD Designer: Indeed! It's great to see everyone here today. As we set our objectives, let's ensure that we focus on design precision in our CAD models to maximize the efficiency and accuracy of our additive manufacturing processes.
>>3D Printing Specialist: So, it's fantastic to see everyone here today! Let's make sure we set clear objectives for our forum. How can we leverage innovative solutions to drive growth and efficiency in our business strategies?
>>CAD Designer: Indeed! It's great to see everyone here today. As we set our objectives, let's ensure that we focus on design precision in our CAD models to maximize the efficiency and accuracy of our additive manufacturing processes.
>>3D Printing Specialist: So, it's fantastic to see everyone here today! Let's make sure we set clear objectives for our forum. How can we leverage innovative solutions to drive growth and efficiency in our business strategies?
>>CAD Designer: Indeed! It's great to see everyone here today. As we set our objectives, let's ensure that we focus on design precision in our CAD models to maximize the efficiency and accuracy of our additive manufacturing processes.
>>3D Printing Specialist: So, it's fantastic to see everyone here today! Let's make sure we set clear objectives for our forum. How can we leverage innovative solutions to drive growth and efficiency in our business strategies?
>>CAD Designer: Indeed! It's great to see everyone here today. As we set our objectives, let's ensure that we focus on design precision in our CAD models to maximize the efficiency and accuracy of our additive manufacturing processes.
>>3D Printing Specialist: So, it's fantastic to see everyone here today! Let's make sure we set clear objectives for our forum. How can we leverage innovative solutions to drive growth and efficiency in our business strategies?
>>CAD Designer: Indeed! It's great to see everyone here today. As we set our objectives, let's ensure that we focus on design precision in our CAD models to maximize the efficiency and accuracy of our additive manufacturing processes.
>>3D Printing Specialist: So, it's fantastic to see everyone here today! Let's make sure we set clear objectives for our forum. How can we leverage innovative solutions to drive growth and efficiency in our business strategies?
>>CAD Designer: Indeed! It's great to see everyone here today. As we set our objectives, let's ensure that we focus on design precision in our CAD models to maximize the efficiency and accuracy of our additive manufacturing processes.
>>3D Printing Specialist: So, it's fantastic to see everyone here today! Let's make sure we set clear objectives for our forum. How can we leverage innovative solutions to drive growth and efficiency in our business strategies?
>>CAD Designer: Indeed! It's great to see everyone here today. As we set our objectives, let's ensure that we focus on design precision in our CAD models to maximize the efficiency and accuracy of our additive manufacturing processes.
>>3D Printing Specialist: So, it's fantastic to see everyone here today! Let's make sure we set clear objectives for our forum. How can we leverage innovative solutions to drive growth and efficiency in our business strategies?
>>CAD Designer: Indeed! It's great to see everyone here today. As we set our objectives, let's ensure that we focus on design precision in our CAD models to maximize the efficiency and accuracy of our additive manufacturing processes.
>>3D Printing Specialist: So, it's fantastic to see everyone here today! Let's make sure we set clear objectives for our forum. How can we leverage innovative solutions to drive growth and efficiency in our business strategies?
>>CAD Designer: Indeed! It's great to see everyone here today. As we set our objectives, let's ensure that we focus on design precision in our CAD models to maximize the efficiency and accuracy of our additive manufacturing processes.
>>3D Printing Specialist: So, it's fantastic to see everyone here today! Let's make sure we set clear objectives for our forum. How can we leverage innovative solutions to drive growth and efficiency in our business strategies?
>>CAD Designer: Indeed! It's great to see everyone here today. As we set our objectives, let's ensure that we focus on design precision in our CAD models to maximize the efficiency and accuracy of our additive manufacturing processes.
>>3D Printing Specialist: So, it's fantastic to see everyone here today! Let's make sure we set clear objectives for our forum. How can we leverage innovative solutions to drive growth and efficiency in our business strategies?
>>CAD Designer: Indeed! It's great to see everyone here today. As we set our objectives, let's ensure that we focus on design precision in our CAD models to maximize the efficiency and accuracy of our additive manufacturing processes.
>>3D Printing Specialist: So, it's fantastic to see everyone here today! Let's make sure we set clear objectives for our forum. How can we leverage innovative solutions to drive growth and efficiency in our business strategies?
>>CAD Designer: Indeed! It's great to see everyone here today. As we set our objectives, let's ensure that we focus on design precision in our CAD models to maximize the efficiency and accuracy of our additive manufacturing processes.
>>3D Printing Specialist: So, it's fantastic to see everyone here today! Let's make sure we set clear objectives for our forum. How can we leverage innovative solutions to drive growth and efficiency in our business strategies?
>>CAD Designer: Indeed! It's great to see everyone here today. As we set our objectives, let's ensure that we focus on design precision in our CAD models to maximize the efficiency and accuracy of our additive manufacturing processes.
>>3D Printing Specialist: So, it's fantastic to see everyone here today! Let's make sure we set clear objectives for our forum. How can we leverage innovative solutions to drive growth and efficiency in our business strategies?
>>CAD Designer: Indeed! It's great to see everyone here today. As we set our objectives, let's ensure that we focus on design precision in our CAD models to maximize the efficiency and accuracy of our additive manufacturing processes.
>>3D Printing Specialist: So, it's fantastic to see everyone here today! Let's make sure we set clear objectives for our forum. How can we leverage innovative solutions to drive growth and efficiency in our business strategies?
>>CAD Designer: Indeed! It's great to see everyone here today. As we set our objectives, let's ensure that we focus on design precision in our CAD models to maximize the efficiency and accuracy of our additive manufacturing processes.
>>3D Printing Specialist: So, it's fantastic to see everyone here today! Let's make sure we set clear objectives for our forum. How can we leverage innovative solutions to drive growth and efficiency in our business strategies?
>>CAD Designer: Indeed! It's great to see everyone here today. As we set our objectives, let's ensure that we focus on design precision in our CAD models to maximize the efficiency and accuracy of our additive manufacturing processes.
>>3D Printing Specialist: So, it's fantastic to see everyone here today! Let's make sure we set clear objectives for our forum. How can we leverage innovative solutions to drive growth and efficiency in our business strategies?
>>CAD Designer: Indeed! It's great to see everyone here today. As we set our objectives, let's ensure that we focus on design precision in our CAD models to maximize the efficiency and accuracy of our additive manufacturing processes.
>>3D Printing Specialist: So, it's fantastic to see everyone here today! Let's make sure we set clear objectives for our forum. How can we leverage innovative solutions to drive growth and efficiency in our business strategies?
>>CAD Designer: Indeed! It's great to see everyone here today. As we set our objectives, let's ensure that we focus on design precision in our CAD models to maximize the efficiency and accuracy of our additive manufacturing processes.",">>Innovation Strategist: Well, it's fantastic to see everyone here today! Let's kick things off by setting some clear objectives for our forum. How can we leverage innovative solutions to drive growth and efficiency in our business strategies?
>>3D Printing Specialist: Absolutely! I'm excited to dive into this. You know, one key area we should focus on is how additive manufacturing can streamline production processes and reduce costs.
>>CAD Designer: Indeed. As we set our objectives, let's ensure that we focus on design precision in our CAD models to maximize the efficiency and accuracy of our additive manufacturing processes.
>>Material Scientist: Actually, that's a great point. We also need to consider the materials we're using. Different materials have different properties that can significantly impact the final product's performance.
>>Innovation Strategist: Right! And speaking of materials, how do you think new material innovations could play a role in enhancing our strategies?
>>Material Scientist: Well, you know, advanced composites and smart materials are really pushing the boundaries of what's possible. They offer unique advantages like increased strength and flexibility.
>>3D Printing Specialist: Exactly! And with 3D printing technology evolving so rapidly, we can now print with these advanced materials more efficiently than ever before.
>>CAD Designer: I mean, integrating these new materials into our CAD designs will require precise modeling to ensure compatibility and optimal performance.
>>Innovation Strategist: Um, definitely! So let's make sure we're all aligned on these points as we move forward. Any other thoughts or areas we should explore?","1. **Issue Description:** Overly formal and repetitive language.
   **Reasoning:** The dialogue uses very formal language and repeats similar points multiple times, which is not typical in a casual or even professional meeting setting. For example, phrases like ""let's kick things off by setting some clear objectives"" and ""ensure compatibility and optimal performance"" are overly structured and lack the natural flow of conversation.
   **Suggested Improvement:** Use more conversational language and reduce repetition. For instance, ""Let's start by discussing our goals for this meeting. How can we use innovative solutions to improve our business?"" This feels more natural and less scripted.

2. **Issue Description:** Lack of interaction or acknowledgment between participants.
   **Reasoning:** In a realistic meeting, participants often acknowledge each other's points, ask follow-up questions, or provide feedback. Here, each speaker simply adds their point without engaging with others' contributions.
   **Suggested Improvement:** Include interactions such as agreeing with previous points, asking questions for clarification, or building on others' ideas. For example: 
   - 3D Printing Specialist: ""Absolutely! I'm excited to dive into this. You know, one key area we should focus on is how additive manufacturing can streamline production processes and reduce costs.""
   - CAD Designer: ""That's a great point! And to add to that...""

3. **Issue Description:** Unrealistic enthusiasm from all participants.
   **Reasoning:** While enthusiasm is good, the level of excitement expressed by every participant seems exaggerated and unnatural for a typical business meeting.
   **Suggested Improvement:** Tone down the enthusiasm to reflect a more realistic professional demeanor. For example:
   - Innovation Strategist: ""It's great to see everyone here today. Let's start by discussing our objectives.""

4. **Issue Description:** Lack of specific examples or real-world applications.
   **Reasoning:** The discussion remains abstract without concrete examples or references to real-world applications which would typically be part of such meetings.
   **Suggested Improvement:** Include specific examples or case studies that illustrate the points being made. For instance:
   - Material Scientist: ""Advanced composites like carbon fiber have been used in aerospace for years due to their strength-to-weight ratio.""

5. **Issue Description:** Forced transitions between topics.
   **Reasoning:** The transitions between topics feel forced rather than naturally flowing from one point to another.
   **Suggested Improvement:** Ensure smoother transitions by connecting ideas logically. For example:
   - Innovation Strategist: ""Right! And speaking of materials impacting performance, how do you think new material innovations could enhance our strategies?""",">>Innovation Strategist: It's great to see everyone here today. Let's start by discussing our objectives for this meeting. How can we use innovative solutions to improve our business?
>>3D Printing Specialist: Absolutely! I'm excited to dive into this. One key area we should focus on is how additive manufacturing can streamline production processes and reduce costs.
>>CAD Designer: That's a great point! And to add to that, we should ensure our CAD models are designed with precision to maximize the efficiency and accuracy of our manufacturing processes.
>>Material Scientist: I agree. We also need to consider the materials we're using. Different materials have different properties that can significantly impact the final product's performance.
>>Innovation Strategist: Right! Speaking of materials impacting performance, how do you think new material innovations could enhance our strategies?
>>Material Scientist: Well, advanced composites like carbon fiber have been used in aerospace for years due to their strength-to-weight ratio. Smart materials are also offering unique advantages like increased strength and flexibility.
>>3D Printing Specialist: Exactly! With 3D printing technology evolving so rapidly, we can now print with these advanced materials more efficiently than ever before.
>>CAD Designer: Integrating these new materials into our CAD designs will require precise modeling to ensure compatibility and optimal performance.
>>Innovation Strategist: Definitely! So let's make sure we're all aligned on these points as we move forward. Any other thoughts or areas we should explore?"
"
>>3D Printing Specialist: Well, it's fascinating how we've transitioned from rapid prototyping to full-scale additive manufacturing. The ability to create complex geometries that were previously impossible and reduce material waste is truly a game-changer!
>>CAD Designer: In fact, the transition from rapid prototyping to additive manufacturing has significantly enhanced our ability to produce complex geometries with high precision. This evolution not only reduces material waste but also accelerates the prototyping process, allowing for more efficient and accurate modeling.
>>Material Scientist: Indeed! The evolution from rapid prototyping to additive manufacturing has truly revolutionized our approach to material usage. By enabling the creation of complex geometries and significantly reducing material waste, we are not only enhancing efficiency but also promoting sustainability in manufacturing processes.
>>Innovation Strategist: So, it's amazing how additive manufacturing has transformed our approach to prototyping! Have you ever considered how this evolution not only speeds up the process but also allows for more innovative solutions in design? We're driving growth by leveraging technology to create complex geometries that were previously unimaginable!
>>3D Printing Specialist: So, the shift from rapid prototyping to additive manufacturing has really pushed the boundaries of what we can achieve. Have you ever wondered how much faster we can iterate designs now? It's like having a superpower for innovation!
>>CAD Designer: To be precise, the evolution from rapid prototyping to additive manufacturing has allowed us to achieve unprecedented levels of design precision. This transition not only enables the creation of intricate geometries but also significantly reduces material waste and accelerates the prototyping process, which is crucial for accurate modeling.
>>Material Scientist: To elaborate, the transition from rapid prototyping to additive manufacturing has not only enabled us to create complex geometries but also significantly reduced material waste. This scientific approach is crucial for promoting sustainability in our manufacturing processes.
>>Innovation Strategist: Well, it's exciting to see how additive manufacturing has not only sped up prototyping but also opened doors to innovative solutions in design! Have you ever considered how this technology allows us to create geometries that were previously unimaginable? We're truly driving growth by leveraging technology!
>>3D Printing Specialist: Well, it's incredible how additive manufacturing has evolved! From rapid prototyping to creating intricate geometries with minimal waste, we're seeing faster iterations and more sustainable practices. Have you ever thought about the potential for even more complex designs as technology advances?
>>Material Scientist: In essence, the transition from rapid prototyping to additive manufacturing has allowed us to explore innovative applications that were previously unimaginable. What are the implications for sustainability in terms of material waste reduction and energy efficiency?
>>3D Printing Specialist: Well, it's incredible how additive manufacturing has evolved! From rapid prototyping to creating intricate geometries with minimal waste, we're seeing faster iterations and more sustainable practices. Have you ever thought about the potential for even more complex designs as technology advances?
>>Material Scientist: Indeed! The transition from rapid prototyping to additive manufacturing has allowed us to explore innovative applications that were previously unimaginable. What are the implications for sustainability in terms of material waste reduction and energy efficiency?
>>3D Printing Specialist: Well, it's incredible how additive manufacturing has evolved! From rapid prototyping to creating intricate geometries with minimal waste, we're seeing faster iterations and more sustainable practices. Have you ever thought about the potential for even more complex designs as technology advances?
>>CAD Designer: To be precise, the evolution from rapid prototyping to additive manufacturing has allowed us to achieve unprecedented levels of design precision. This transition not only enables the creation of intricate geometries but also significantly reduces material waste and accelerates the prototyping process, which is crucial for accurate modeling.
>>Material Scientist: To elaborate, the transition from rapid prototyping to additive manufacturing has not only enabled us to create complex geometries but also significantly reduced material waste. This scientific approach is crucial for promoting sustainability in our manufacturing processes.
>>Innovation Strategist: Wow! It's truly exciting to see how additive manufacturing has evolved from rapid prototyping to creating intricate geometries with minimal waste. Have you ever considered the potential for even more complex designs as technology advances? We're driving growth by leveraging technology!
>>CAD Designer: To be precise, the evolution from rapid prototyping to additive manufacturing has allowed us to achieve unprecedented levels of design precision. This transition not only enables the creation of intricate geometries but also significantly reduces material waste and accelerates the prototyping process, which is crucial for accurate modeling.
>>Material Scientist: Indeed! The transition from rapid prototyping to additive manufacturing has allowed us to explore innovative applications that were previously unimaginable. What are the implications for sustainability in terms of material waste reduction and energy efficiency?
>>3D Printing Specialist: Well, it's incredible how additive manufacturing has evolved! From rapid prototyping to creating intricate geometries with minimal waste, we're seeing faster iterations and more sustainable practices. Have you ever thought about the potential for even more complex designs as technology advances?
>>CAD Designer: To be precise, the evolution from rapid prototyping to additive manufacturing has allowed us to achieve unprecedented levels of design precision. This transition not only enables the creation of intricate geometries but also significantly reduces material waste and accelerates the prototyping process, which is crucial for accurate modeling.
>>Material Scientist: In essence, the transition from rapid prototyping to additive manufacturing has allowed us to explore innovative applications that were previously unimaginable. What are the implications for sustainability in terms of material waste reduction and energy efficiency?
>>3D Printing Specialist: Well, it's incredible how additive manufacturing has evolved! From rapid prototyping to creating intricate geometries with minimal waste, we're seeing faster iterations and more sustainable practices. Have you ever thought about the potential for even more complex designs as technology advances?
>>CAD Designer: To be precise, the evolution from rapid prototyping to additive manufacturing has allowed us to achieve unprecedented levels of design precision. This transition not only enables the creation of intricate geometries but also significantly reduces material waste and accelerates the prototyping process, which is crucial for accurate modeling.
>>Material Scientist: Indeed! The transition from rapid prototyping to additive manufacturing has allowed us to explore innovative applications that were previously unimaginable. What are the implications for sustainability in terms of material waste reduction and energy efficiency?
>>3D Printing Specialist: Well, it's incredible how additive manufacturing has evolved! From rapid prototyping to creating intricate geometries with minimal waste, we're seeing faster iterations and more sustainable practices. Have you ever thought about the potential for even more complex designs as technology advances?
>>CAD Designer: In fact, the precision we can achieve with additive manufacturing is unparalleled. The ability to create intricate geometries not only enhances the design but also ensures that material waste is minimized, which is crucial for sustainable practices.
>>3D Printing Specialist: Well, it's incredible how additive manufacturing has evolved! From rapid prototyping to creating intricate geometries with minimal waste, we're seeing faster iterations and more sustainable practices. Have you ever thought about the potential for even more complex designs as technology advances?
>>Material Scientist: Indeed! The transition from rapid prototyping to additive manufacturing has allowed us to explore innovative applications that were previously unimaginable. What are the implications for sustainability in terms of material waste reduction and energy efficiency?
>>3D Printing Specialist: Well, it's incredible how additive manufacturing has evolved! From rapid prototyping to creating intricate geometries with minimal waste, we're seeing faster iterations and more sustainable practices. Have you ever thought about the potential for even more complex designs as technology advances?
>>CAD Designer: To be precise, the evolution from rapid prototyping to additive manufacturing has allowed us to achieve unprecedented levels of design precision. This transition not only enables the creation of intricate geometries but also significantly reduces material waste and accelerates the prototyping process, which is crucial for accurate modeling.
>>Material Scientist: Indeed! The transition from rapid prototyping to additive manufacturing has allowed us to explore innovative applications that were previously unimaginable. What are the implications for sustainability in terms of material waste reduction and energy efficiency?
>>3D Printing Specialist: Well, it's incredible how additive manufacturing has evolved! From rapid prototyping to creating intricate geometries with minimal waste, we're seeing faster iterations and more sustainable practices. Have you ever thought about the potential for even more complex designs as technology advances?
>>CAD Designer: To be precise, the evolution from rapid prototyping to additive manufacturing has allowed us to achieve unprecedented levels of design precision. This transition not only enables the creation of intricate geometries but also significantly reduces material waste and accelerates the prototyping process, which is crucial for accurate modeling.
>>Material Scientist: Indeed! The transition from rapid prototyping to additive manufacturing has allowed us to explore innovative applications that were previously unimaginable. What are the implications for sustainability in terms of material waste reduction and energy efficiency?
>>3D Printing Specialist: Well, it's incredible how additive manufacturing has evolved! From rapid prototyping to creating intricate geometries with minimal waste, we're seeing faster iterations and more sustainable practices. Have you ever thought about the potential for even more complex designs as technology advances?
>>CAD Designer: In fact, the precision we can achieve with additive manufacturing is unparalleled. The ability to create intricate geometries not only enhances the design but also ensures that material waste is minimized, which is crucial for sustainable practices.
>>Material Scientist: To elaborate, the transition from rapid prototyping to additive manufacturing has not only enabled us to create complex geometries but also significantly reduced material waste. This scientific approach is crucial for promoting sustainability in our manufacturing processes.
>>Innovation Strategist: Well, it's exciting to see how additive manufacturing has not only sped up prototyping but also opened doors to innovative solutions in design! Have you ever considered how this technology allows us to create geometries that were previously unimaginable? We're truly driving growth by leveraging technology!
>>3D Printing Specialist: Well, it's incredible how additive manufacturing has evolved! From rapid prototyping to creating intricate geometries with minimal waste, we're seeing faster iterations and more sustainable practices. Have you ever thought about the potential for even more complex designs as technology advances?",">>3D Printing Specialist: You know, it's fascinating how we've transitioned from rapid prototyping to full-scale additive manufacturing. The ability to create complex geometries that were previously impossible and reduce material waste is truly a game-changer!

>>CAD Designer: Actually, the transition has significantly enhanced our ability to produce complex geometries with high precision. This evolution not only reduces material waste but also accelerates the prototyping process, allowing for more efficient and accurate modeling.

>>Material Scientist: Well, indeed! The evolution from rapid prototyping to additive manufacturing has revolutionized our approach to material usage. By enabling the creation of complex geometries and significantly reducing material waste, we're enhancing efficiency and promoting sustainability in manufacturing processes.

>>Innovation Strategist: So, it's amazing how additive manufacturing has transformed our approach to prototyping! Have you considered how this evolution speeds up the process and allows for more innovative solutions in design? We're driving growth by leveraging technology to create complex geometries that were previously unimaginable!

>>3D Printing Specialist: Um, the shift from rapid prototyping to additive manufacturing has really pushed the boundaries of what we can achieve. Have you ever wondered how much faster we can iterate designs now? It's like having a superpower for innovation!

>>CAD Designer: To be precise, this transition enables us to achieve unprecedented levels of design precision. It not only allows for intricate geometries but also significantly reduces material waste and accelerates the prototyping process—crucial for accurate modeling.

>>Material Scientist: Actually, this scientific approach is crucial for promoting sustainability in our manufacturing processes. What are your thoughts on its implications for energy efficiency?

>>Innovation Strategist: Well, it's exciting to see how additive manufacturing has sped up prototyping and opened doors to innovative solutions in design! Have you considered how this technology allows us to create geometries that were previously unimaginable? We're truly driving growth by leveraging technology!

>>3D Printing Specialist: You know, it's incredible how additive manufacturing has evolved! From rapid prototyping to creating intricate geometries with minimal waste, we're seeing faster iterations and more sustainable practices. Have you thought about the potential for even more complex designs as technology advances?

>>Material Scientist: Indeed! The transition from rapid prototyping to additive manufacturing lets us explore innovative applications that were previously unimaginable. What are the implications for sustainability in terms of material waste reduction?

>>CAD Designer: I mean, the precision we can achieve with additive manufacturing is unparalleled. The ability to create intricate geometries enhances design while minimizing material waste—crucial for sustainable practices.","1. **Issue Description:** Repetitive content and phrasing.
   **Reasoning:** Multiple participants repeat the same points about transitioning from rapid prototyping to additive manufacturing, creating complex geometries, reducing material waste, and speeding up the prototyping process. This redundancy feels unnatural as it is unlikely that professionals would reiterate the same information without adding new insights or perspectives.
   **Suggested Improvement:** Each participant should contribute unique insights or build upon previous points to avoid repetition. For example:
   - 3D Printing Specialist: ""It's fascinating how we've transitioned from rapid prototyping to full-scale additive manufacturing. The ability to create complex geometries that were previously impossible and reduce material waste is truly a game-changer!""
   - CAD Designer: ""Absolutely! This transition has also allowed us to explore new design possibilities and improve precision in our models.""
   - Material Scientist: ""From a materials perspective, we're seeing significant improvements in sustainability due to reduced waste and more efficient usage.""
   - Innovation Strategist: ""And these advancements are driving growth by enabling faster iterations and more innovative solutions in design.""

2. **Issue Description:** Overly formal language.
   **Reasoning:** The dialogue uses very formal language which can feel stiff and unnatural in a typical meeting setting where conversational tone is usually more relaxed.
   **Suggested Improvement:** Use more casual language and natural expressions:
   - Original: ""The evolution not only reduces material waste but also accelerates the prototyping process, allowing for more efficient and accurate modeling.""
     Revised: ""This change not only cuts down on waste but also speeds up our prototyping, making everything more efficient.""

3. **Issue Description:** Lack of interaction between participants.
   **Reasoning:** The dialogue lacks natural back-and-forth interaction where participants respond directly to each other's points or ask questions.
   **Suggested Improvement:** Include direct responses or questions:
   - Material Scientist: ""Well, indeed! By enabling the creation of complex geometries and significantly reducing material waste, we're enhancing efficiency.""
     CAD Designer: ""That's true! And have you noticed how this has impacted our energy consumption?""

4. **Issue Description:** Unrealistic enthusiasm levels.
   **Reasoning:** While enthusiasm is good, the repeated use of phrases like ""amazing,"" ""incredible,"" and similar terms can feel exaggerated for a professional meeting context.
   **Suggested Improvement:** Tone down the enthusiasm slightly for realism:
   - Original: ""You know, it's incredible how additive manufacturing has evolved!""
     Revised: ""It's impressive how much additive manufacturing has advanced.""

5. **Issue Description:** Forced inclusion of all participants' roles repeatedly.
   **Reasoning:** Each participant's role is mentioned multiple times which feels forced as typically roles are established at the beginning or inferred through context rather than constantly reiterated.
   **Suggested Improvement:** Establish roles early on without repeating them excessively:
    - Initial introductions could include roles briefly followed by natural conversation.

By addressing these issues, the dialogue will feel more realistic and human-like while maintaining professional relevance.",">>3D Printing Specialist: You know, it's fascinating how we've transitioned from rapid prototyping to full-scale additive manufacturing. The ability to create complex geometries that were previously impossible and reduce material waste is truly a game-changer!

>>CAD Designer: Absolutely! This transition has also allowed us to explore new design possibilities and improve precision in our models.

>>Material Scientist: From a materials perspective, we're seeing significant improvements in sustainability due to reduced waste and more efficient usage.

>>Innovation Strategist: And these advancements are driving growth by enabling faster iterations and more innovative solutions in design.

>>3D Printing Specialist: Have you ever wondered how much faster we can iterate designs now? It's like having a superpower for innovation!

>>CAD Designer: That's true! And have you noticed how this has impacted our energy consumption?

>>Material Scientist: Actually, this scientific approach is crucial for promoting sustainability in our manufacturing processes. What are your thoughts on its implications for energy efficiency?

>>Innovation Strategist: It's impressive how much additive manufacturing has advanced. We're truly driving growth by leveraging technology!"
"
>>3D Printing Specialist: So, let's dive into the specifics of these processes! FDM is great for its simplicity and cost-effectiveness. But have you ever wondered how powder bed fusion can achieve such precision with metals? It's amazing how it allows for intricate designs and strong mechanical properties!
>>Material Scientist: Indeed! Powder bed fusion is fascinating due to its ability to create highly detailed and strong metal parts. But what about directed energy deposition? It offers precise control over microstructure, which can significantly enhance mechanical performance.
>>CAD Designer: To be precise, the precision achieved with vat photopolymerization is remarkable, especially for intricate details. However, material jetting offers unique advantages by allowing multi-material integration in a single print. How can we ensure that the mechanical properties of these multi-material structures are maintained during the printing process?
>>Innovation Strategist: So, while we're discussing the precision of vat photopolymerization and multi-material integration with material jetting, have you ever considered how binder jetting can produce full-color prototypes? It's exciting to think about the possibilities for creating visually stunning and functional parts!
>>3D Printing Specialist: Well, speaking of binder jetting, it's a game-changer for producing full-color prototypes! Have you ever wondered how it can create visually stunning parts while maintaining functionality? It's like having the best of both worlds!
>>CAD Designer: Indeed! To elaborate, the precision of vat photopolymerization is unparalleled for intricate details. However, material jetting's ability to integrate multiple materials in a single print offers unique advantages. How can we ensure that the mechanical properties of these multi-material structures are maintained during the printing process?
>>3D Printing Specialist: So, while we're discussing the precision of vat photopolymerization and multi-material integration with material jetting, have you ever considered how binder jetting can produce full-color prototypes? It's exciting to think about the possibilities for creating visually stunning and functional parts!
>>CAD Designer: In fact, the precision achieved with vat photopolymerization is remarkable, especially for intricate details. However, material jetting offers unique advantages by allowing multi-material integration in a single print. How can we ensure that the mechanical properties of these multi-material structures are maintained during the printing process?
>>3D Printing Specialist: Well, speaking of binder jetting, it's a game-changer for producing full-color prototypes! Have you ever wondered how it can create visually stunning parts while maintaining functionality? It's like having the best of both worlds!
>>CAD Designer: Indeed! To be precise, the precision achieved with vat photopolymerization is remarkable, especially for intricate details. However, material jetting offers unique advantages by allowing multi-material integration in a single print. How can we ensure that the mechanical properties of these multi-material structures are maintained during the printing process?
>>Material Scientist: To elaborate, directed energy deposition is particularly advantageous for repairing and adding material to existing parts. What are the implications of using this process for complex geometries?
>>3D Printing Specialist: Well, speaking of powder bed fusion, it's fascinating how it can achieve such precision with metals! Have you ever wondered how the intricate designs and strong mechanical properties are maintained during the printing process?
>>Material Scientist: To elaborate, directed energy deposition is particularly advantageous for repairing and adding material to existing parts. What are the implications of using this process for complex geometries?
>>3D Printing Specialist: So, while we're discussing the precision of vat photopolymerization and multi-material integration with material jetting, have you ever considered how binder jetting can produce full-color prototypes? It's exciting to think about the possibilities for creating visually stunning and functional parts!
>>CAD Designer: Indeed! To be precise, the precision achieved with vat photopolymerization is remarkable, especially for intricate details. However, material jetting offers unique advantages by allowing multi-material integration in a single print. How can we ensure that the mechanical properties of these multi-material structures are maintained during the printing process?
>>Material Scientist: To elaborate, directed energy deposition is particularly advantageous for repairing and adding material to existing parts. What are the implications of using this process for complex geometries?
>>3D Printing Specialist: Well, speaking of directed energy deposition, it's fascinating how it can repair and add material to existing parts! Have you ever wondered about the implications for complex geometries? It's like pushing the boundaries of what's possible!
>>CAD Designer: Indeed! To be precise, the precision achieved with vat photopolymerization is remarkable, especially for intricate details. However, material jetting offers unique advantages by allowing multi-material integration in a single print. How can we ensure that the mechanical properties of these multi-material structures are maintained during the printing process?
>>Material Scientist: To elaborate, directed energy deposition is particularly advantageous for repairing and adding material to existing parts. What are the implications of using this process for complex geometries?
>>3D Printing Specialist: Well, speaking of powder bed fusion, it's fascinating how it can achieve such precision with metals! Have you ever wondered how the intricate designs and strong mechanical properties are maintained during the printing process?
>>CAD Designer: To be precise, the precision achieved with vat photopolymerization is remarkable, especially for intricate details. However, material jetting offers unique advantages by allowing multi-material integration in a single print. How can we ensure that the mechanical properties of these multi-material structures are maintained during the printing process?
>>Material Scientist: In essence, directed energy deposition is particularly advantageous for repairing and adding material to existing parts. What are the implications of using this process for complex geometries?
>>3D Printing Specialist: Well, speaking of material jetting, it's fascinating how it allows for multi-material integration in a single print! Have you ever wondered about the challenges in maintaining mechanical properties during the printing process? It's like balancing multiple elements to create a cohesive masterpiece!
>>CAD Designer: Indeed! To be precise, the precision achieved with vat photopolymerization is remarkable, especially for intricate details. However, material jetting offers unique advantages by allowing multi-material integration in a single print. How can we ensure that the mechanical properties of these multi-material structures are maintained during the printing process?
>>3D Printing Specialist: Well, speaking of powder bed fusion, it's fascinating how it can achieve such precision with metals! Have you ever wondered how the intricate designs and strong mechanical properties are maintained during the printing process?
>>Material Scientist: To elaborate, directed energy deposition is particularly advantageous for repairing and adding material to existing parts. What are the implications of using this process for complex geometries?
>>3D Printing Specialist: Well, speaking of material jetting, it's fascinating how it allows for multi-material integration in a single print! Have you ever wondered about the challenges in maintaining mechanical properties during the printing process? It's like balancing multiple elements to create a cohesive masterpiece!
>>CAD Designer: Indeed! To be precise, the precision achieved with vat photopolymerization is remarkable, especially for intricate details. However, material jetting offers unique advantages by allowing multi-material integration in a single print. How can we ensure that the mechanical properties of these multi-material structures are maintained during the printing process?
>>3D Printing Specialist: Well, speaking of material jetting, it's fascinating how it allows for multi-material integration in a single print! Have you ever wondered about the challenges in maintaining mechanical properties during the printing process? It's like balancing multiple elements to create a cohesive masterpiece!
>>CAD Designer: Indeed! To be precise, the precision achieved with vat photopolymerization is remarkable, especially for intricate details. However, material jetting offers unique advantages by allowing multi-material integration in a single print. How can we ensure that the mechanical properties of these multi-material structures are maintained during the printing process?
>>Material Scientist: To elaborate, directed energy deposition is particularly advantageous for repairing and adding material to existing parts. What are the implications of using this process for complex geometries?
>>3D Printing Specialist: Well, speaking of material jetting, it's fascinating how it allows for multi-material integration in a single print! Have you ever wondered about the challenges in maintaining mechanical properties during the printing process? It's like balancing multiple elements to create a cohesive masterpiece!
>>CAD Designer: Indeed! To be precise, the precision achieved with vat photopolymerization is remarkable, especially for intricate details. However, material jetting offers unique advantages by allowing multi-material integration in a single print. How can we ensure that the mechanical properties of these multi-material structures are maintained during the printing process?
>>Material Scientist: To elaborate, directed energy deposition is particularly advantageous for repairing and adding material to existing parts. What are the implications of using this process for complex geometries?
>>3D Printing Specialist: Well, speaking of material jetting, it's fascinating how it allows for multi-material integration in a single print! Have you ever wondered about the challenges in maintaining mechanical properties during the printing process? It's like balancing multiple elements to create a cohesive masterpiece!
>>CAD Designer: Indeed! To be precise, the precision achieved with vat photopolymerization is remarkable, especially for intricate details. However, material jetting offers unique advantages by allowing multi-material integration in a single print. How can we ensure that the mechanical properties of these multi-material structures are maintained during the printing process?
>>3D Printing Specialist: Well, speaking of material jetting, it's fascinating how it allows for multi-material integration in a single print! Have you ever wondered about the challenges in maintaining mechanical properties during the printing process? It's like balancing multiple elements to create a cohesive masterpiece!
>>CAD Designer: Indeed! To be precise, the precision achieved with vat photopolymerization is remarkable, especially for intricate details. However, material jetting offers unique advantages by allowing multi-material integration in a single print. How can we ensure that the mechanical properties of these multi-material structures are maintained during the printing process?
>>3D Printing Specialist: Well, speaking of material jetting, it's fascinating how it allows for multi-material integration in a single print! Have you ever wondered about the challenges in maintaining mechanical properties during the printing process? It's like balancing multiple elements to create a cohesive masterpiece!",">>3D Printing Specialist: So, let's dive into the specifics of these processes! FDM is great for its simplicity and cost-effectiveness. But have you ever wondered how powder bed fusion can achieve such precision with metals? It's amazing how it allows for intricate designs and strong mechanical properties!
>>Material Scientist: Absolutely! Powder bed fusion is fascinating due to its ability to create highly detailed and strong metal parts. But what about directed energy deposition? It offers precise control over microstructure, which can significantly enhance mechanical performance.
>>CAD Designer: Well, the precision achieved with vat photopolymerization is remarkable, especially for intricate details. However, material jetting offers unique advantages by allowing multi-material integration in a single print. How can we ensure that the mechanical properties of these multi-material structures are maintained during the printing process?
>>Innovation Strategist: You know, while we're discussing the precision of vat photopolymerization and multi-material integration with material jetting, have you ever considered how binder jetting can produce full-color prototypes? It's exciting to think about the possibilities for creating visually stunning and functional parts!
>>3D Printing Specialist: Speaking of binder jetting, it's a game-changer for producing full-color prototypes! Have you ever wondered how it can create visually stunning parts while maintaining functionality? It's like having the best of both worlds!
>>Material Scientist: Actually, directed energy deposition is particularly advantageous for repairing and adding material to existing parts. What are the implications of using this process for complex geometries?
>>CAD Designer: To be precise, vat photopolymerization's precision is unparalleled for intricate details. However, material jetting's ability to integrate multiple materials in a single print offers unique advantages. How do we ensure that the mechanical properties of these multi-material structures are maintained during printing?
>>Innovation Strategist: Um, speaking of binder jetting again—it's really exciting how it produces full-color prototypes! The possibilities for creating visually stunning and functional parts are endless!
>>3D Printing Specialist: Well said! And powder bed fusion's ability to achieve such precision with metals is fascinating too! Have you ever thought about how intricate designs and strong mechanical properties are maintained during printing?
>>Material Scientist: Indeed! Directed energy deposition also stands out because it repairs and adds material to existing parts effectively. What challenges might arise when using this process for complex geometries?","1. **Issue Description:** Repetition of points and questions.
   - **Reasoning:** The dialogue repeatedly mentions the same processes and their advantages without adding new information or progressing the discussion. This repetition feels unnatural as it does not reflect a typical meeting where participants build on each other's points to move the conversation forward.
   - **Suggested Improvement:** Ensure each participant adds new insights or asks different questions to avoid redundancy. For example, after discussing powder bed fusion, move on to another topic or delve deeper into specific challenges or applications.

2. **Issue Description:** Overly formal language and lack of conversational flow.
   - **Reasoning:** The language used is very formal and technical, which can make the conversation feel stiff and less human-like. In real meetings, participants often use more casual language and interjections to create a natural flow.
   - **Suggested Improvement:** Incorporate more casual phrases, interjections, and transitions that reflect natural speech patterns. For instance: ""That's a great point about powder bed fusion! By the way, has anyone tried using directed energy deposition for complex geometries?""

3. **Issue Description:** Lack of interaction between participants.
   - **Reasoning:** Each participant speaks in isolation without directly responding to or acknowledging previous comments. Realistic meetings involve more back-and-forth interactions where participants react to each other's statements.
   - **Suggested Improvement:** Include responses that show engagement with previous comments, such as agreeing, asking follow-up questions, or providing additional insights based on what was said earlier.

4. **Issue Description:** Unrealistic enthusiasm levels.
   - **Reasoning:** The dialogue contains exaggerated excitement about technical details (""It's amazing!"" ""It's exciting!""), which can feel forced in a professional setting where discussions are typically more measured.
   - **Suggested Improvement:** Tone down the enthusiasm to match typical professional discourse. Use phrases like ""That's interesting"" or ""I find that particularly useful"" instead of overly enthusiastic expressions.

5. **Issue Description:** Redundant roles and titles mentioned repeatedly.
   - **Reasoning:** Participants frequently mention their roles (e.g., 3D Printing Specialist) which is unnecessary once established at the beginning of the meeting.
   - **Suggested Improvement:** Introduce roles at the start but avoid repeating them throughout the conversation unless contextually relevant.

6. **Issue Description:** Lack of practical examples or real-world applications.
   - **Reasoning:** The discussion remains abstract without mentioning specific projects or applications that would naturally come up in a meeting focused on 3D printing technologies.
   - **Suggested Improvement:** Integrate references to actual projects, case studies, or practical challenges faced by participants to ground the conversation in real-world contexts.

By addressing these issues, the dialogue will become more realistic and reflective of typical interactions in English-speaking professional settings.",">>3D Printing Specialist: So, let's dive into the specifics of these processes! FDM is great for its simplicity and cost-effectiveness. But powder bed fusion really stands out for achieving precision with metals. It's impressive how it allows for intricate designs and strong mechanical properties.
>>Material Scientist: Absolutely! Powder bed fusion is fascinating due to its ability to create highly detailed and strong metal parts. By the way, has anyone tried using directed energy deposition for complex geometries? It offers precise control over microstructure, which can significantly enhance mechanical performance.
>>CAD Designer: That's a good point about directed energy deposition. Speaking of precision, vat photopolymerization is remarkable for intricate details. However, material jetting offers unique advantages by allowing multi-material integration in a single print. How can we ensure that the mechanical properties of these multi-material structures are maintained during the printing process?
>>Innovation Strategist: You know, while we're discussing these different methods, binder jetting comes to mind as well. It can produce full-color prototypes which could be really useful for creating visually stunning and functional parts.
>>3D Printing Specialist: Binder jetting is definitely interesting for full-color prototypes! And speaking of maintaining functionality, what challenges do you think we might face when ensuring these parts are both visually appealing and structurally sound?
>>Material Scientist: Actually, directed energy deposition is particularly advantageous for repairing and adding material to existing parts. What are the implications of using this process for complex geometries? Has anyone worked on projects where this was a key factor?
>>CAD Designer: Yes, I've worked on a project where we used directed energy deposition to repair aerospace components. The precision was crucial given the complex shapes involved. On another note, how do we ensure that multi-material structures maintain their integrity during printing with material jetting?
>>Innovation Strategist: Good question! In one of our recent projects involving medical devices, we had to carefully calibrate the printer settings to maintain mechanical properties across different materials. It's all about finding that balance.
>>3D Printing Specialist: Well said! And powder bed fusion's ability to achieve such precision with metals is fascinating too! Have you ever thought about how intricate designs and strong mechanical properties are maintained during printing? Any specific examples from your work?
>>Material Scientist: Indeed! Directed energy deposition also stands out because it repairs and adds material effectively to existing parts. We faced some challenges with complex geometries in a recent automotive project but managed to overcome them by adjusting laser parameters."
