Title,Article,Tags,Personas,Summary,Meeting_Plan,Meeting
Postmoderne,"Die Postmoderne (von lateinisch post ‚hinter‘, ‚nach‘) ist im allgemeinen Sinn der Zustand der abendländischen Gesellschaft, Kultur und Kunst „nach“ der bis in die Gegenwart andauernden Moderne.
Im engeren Sinn ist die Postmoderne eine umstrittene politisch-wissenschaftlich-künstlerische Richtung, die sich gegen bestimmte Institutionen, Methoden, Begriffe und Grundannahmen der Moderne wendet und diese aufzulösen und zu überwinden versucht, dann auch Postmodernismus genannt.
Die Vertreter des Postmodernismus kritisieren das Innovationsstreben der Moderne als lediglich habituell und automatisiert (Sozialkonstruktivismus). Sie bescheinigen der Moderne ein illegitimes Vorherrschen eines totalitären Prinzips, das auf gesellschaftlicher Ebene Züge von Despotismus in sich trage und das bekämpft werden müsse. Maßgebende Ansätze der Moderne seien eindimensional und gescheitert (Nihilismus). Dem wird die Möglichkeit einer Vielfalt gleichberechtigt nebeneinander bestehender Perspektiven gegenübergestellt (Relativismus). Mit der Forderung nach einer prinzipiellen Offenheit von Kunst wird auch kritisch auf die Ästhetik der Moderne Bezug genommen.
Die Diskussion über die zeitliche und inhaltliche Bestimmung dessen, was genau postmodern bzw. postmodernistisch sei, wird etwa seit Anfang der 1980er Jahre geführt. Postmodernes Denken will nicht als bloße Zeitdiagnose verstanden werden, sondern als kritische Denkbewegung, die sich gegen Grundannahmen der Moderne wende und Alternativen aufzeige.


Überblick
Prägend für den Begriff war Jean-François Lyotards (1924–1998) Bericht Das postmoderne Wissen aus dem Jahr 1979, in dem er die philosophischen Systeme der Moderne für gescheitert erklärt. Bekannt wurde die Rede des französischen Philosophen und Literaturtheoretikers vom Ende der großen Erzählungen, worin sich auch die Kernthese seiner Diagnose ausdrückt: Lyotard spricht nicht von philosophischen Systemen, sondern von „Erzählungen“. Die einzelnen modernen „Erzählungen“ legten, so Lyotard, der Welterklärung jeweils ein zentrales Prinzip zugrunde (z. B. Gott oder das Subjekt), um auf dieser Grundlage zu allgemeinen Aussagen zu kommen. Damit scheiden sie jedoch das Heterogene aus oder zwingen das Einzelne unter eine allgemeine Betrachtungsweise, die gewaltsam dessen Besonderheiten einebnet. Lyotard setzt an die Stelle eines allgemeingültigen und absoluten Erklärungsprinzips (Gott, Subjekt, Vernunft, Systemtheorie, marxistische Gesellschaftstheorie etc.) eine Vielzahl von Sprachspielen, die verschiedene „Erzählungen“, also Erklärungsmodelle, anbieten. Lyotard wendet sich also nicht gegen Rationalität im Allgemeinen, sondern gegen eine bestimmte historische Form der Rationalität, die auf der Ausgrenzung des Heterogenen basiert.
Dies hat gesellschaftliche Konsequenzen: Dienten in der Moderne die Metaerzählungen noch dazu, gesellschaftliche Institutionen, politische Praktiken, Ethik und Denkweisen zu legitimieren, so geht in der Postmoderne dieser Konsens verloren und löst sich auf in eine Vielzahl von nicht miteinander zu vereinbarenden Wahrheits- und Gerechtigkeitsbegriffen. Zugleich nimmt eine tolerante Sensibilität für Unterschiede, Heterogenität und Pluralismus zu und damit die Fähigkeit, die Unvereinbarkeit der Sprachspiele zu ertragen.
Die im Anschluss an Lyotard geführte Diskussion um die Epochendiagnose der Postmoderne, die in den 1980er-Jahren sehr intensiv und mit großer Aufmerksamkeit in der intellektuellen Öffentlichkeit geführt wurde, ist seit 1989 erlahmt oder verlagerte sich auf andere Gebiete, wie den Streit um Francis Fukuyamas These vom Ende der Geschichte. Der Begriff beginnt außerdem den festen Charakter einer Epochenbezeichnung zu verlieren, was u. a. daran liegt, dass einige seiner Vertreter auch Verbindungen zur Moderne pflegen. Von anderen, wie beispielsweise Umberto Eco (1932–2016), wurde dagegen versucht, den Begriff von jeglicher Beziehung zur Moderne zu befreien und ihn als allgemeines künstlerisches Streben zu propagieren, das in jeder historischen Epoche auftreten kann.


Begriffsgeschichte


Ursprünge
Mit dem Begriff Postmoderne, um 1870 erstmals verwendet, wurde von verschiedenen Autoren versucht, sehr heterogene gesellschaftliche und kulturelle Entwicklungen zu fassen und teilweise auch zu bewerten. Um 1870 schlug der englische Salonmaler John Watkins Chapman vor, einen postmodernen Malstil (postmodern style of painting) zu entwickeln, der moderner sein sollte als jener der französischen Impressionisten.
Im Jahre 1917 gebraucht der deutsche Schriftsteller und Philosoph Rudolf Pannwitz den Begriff bereits als philosophisch geprägten „Kulturbegriff“.
Wenige Jahre später, im Jahre 1926, beschreibt der amerikanische Theologe Bernard Iddings Bell eine neue religiöse Spiritualität, die sich im Rahmen des christlichen Bekenntnisses neuen Forschungserkenntnissen öffnen sollte, als „Postmodernismus“.
Ausschließlich literarisch nutzt der spanische Literaturwissenschaftler Federico de Onís den Begriff im Jahre 1934. Er bezeichnet als „Postmodernismo“ eine Zwischenperiode der hispanisch-amerikanischen Dichtung in den Jahren von 1905 bis 1914, die geprägt sei von einer kurzzeitigen, rückwärtsgewandten Abwendung von der Moderne als Zwischenphase vor einer erneuten, gesteigerten Hinwendung zur Moderne.
1947 beschreibt der britische Kulturtheoretiker und Geschichtsphilosoph Arnold J. Toynbee eine Phase der Kultur als „post-modern“, deren Beginn er 1875 ansetzt: die Postmoderne in diesem Sinne ist durch eine frühe Politik des Denkens in globalen Zusammenhängen gekennzeichnet und unterscheidet sich von dem vorherigen Politikverständnis in der Überwindung der nur nationalen Perspektive. Nach Toynbee wird mit der Postmoderne die Spätphase der abendländischen Kultur eingeleitet.
Im nordamerikanischen Literaturdiskurs des Jahres 1959 bezeichnet der US-amerikanische Literaturwissenschaftler Irving Howe die Gegenwartsliteratur der Postmoderne als Verfallsphänomen einer Moderne, die durch mangelnden Neuerungswillen geprägt sei. Howe verwendet den Begriff „Postmoderne“ hier erstmals im heutigen Sinne. Die Umwertung erfolgte besonders in den 1960er Jahren durch Irving Howe selbst sowie durch Harry Levin, vor allem aber auch durch Susan Sontag und Leslie Fiedler.
Auf Architektur und Urbanistik übertragen wurde der Begriff 1977 durch den US-amerikanisch-britischen Architekten und Architekturtheoretiker Charles Jencks (1939–2019). Unter dem Einfluss des Strukturalismus und unter Nutzung von Schlüsselbegriffen der Semiotik entwickelte er einen theoretischen Rahmen für Beurteilungen. Dem Funktionalismus der Moderne bescheinigte er, eine kommunikative Verbindung zu den Menschen verloren zu haben. Eine Reihe von Strömungen, die diese Verbindung wieder entwickelten, bezeichnete er als postmoderne Architektur.
Fast allen von diesen Ansätzen in Kunst, Kulturgeschichte, Philosophie, Theologie und Literatur war gemeinsam, dass sie ein jeweils spezifisches Unbehagen an der Moderne und ihren Entwicklungen formulierten und daraus Konsequenzen entwickelten. Ihren Abschluss fand diese erste Formationsphase mit Howe, dessen Konzeption als grundlegend für die weiteren Entwicklungen gesehen werden kann.
Für die Theoriebildung und Methodenfindung späterer Vertreter der Postmoderne sind französische Philosophen wichtig wie Michel Foucault, Jacques Derrida und Roland Barthes, die mit Dekonstruktivismus, Poststrukturalismus und Diskursanalyse neue analytische Methoden entwickelten, aber auch die französische Psychoanalytikerin, Luce Irigaray, die auf Basis der Arbeiten des Psychoanalytikers Jacques Lacan die feministische Theoriebildung vorantrieb. Viele dieser Theoretiker stehen jedoch dem Begriff Postmoderne kritisch gegenüber (→ Kritik).


Begriffsbildung
Von „der Postmoderne“ als einer unter diesem Begriff fassbaren geistig-kulturellen Bewegung zu sprechen wird trotz der benannten Vorläufer erst durch den französischen Philosophen und Literaturtheoretiker Jean-François Lyotard mit seiner Schrift Das Postmoderne Wissen populär. Das Werk wird 1979 erstmals veröffentlicht. Es war ursprünglich als Studie über die Rolle des Wissens in postindustriellen Gesellschaften für die kanadische Regierung geschrieben worden. Hier bereitet Lyotard mit seiner These des Endes der großen Erzählungen die Basis für viele Entwicklungen in Philosophie, Kunst, Kultur, sowie den Gesellschaftswissenschaften: „In äußerster Vereinfachung kann man sagen: ‚Postmoderne‘ bedeutet, dass man den Meta-Erzählungen keinen Glauben mehr schenkt.“
Nach Lyotard gibt es drei große Meta-Erzählungen:

Aufklärung
Idealismus
Historismus
Diese bilden in der Postmoderne keine vereinheitlichende Legitimation und Zielorientierung mehr. Die Emanzipation des Individuums, das Selbstbewusstsein des Geistes, das im Sinne des deutschen Philosophen des Idealismus Georg Wilhelm Friedrich Hegel in eine Ganzheitsideologie mündet, und die Idee eines sinnhaften Fortschritts der Geschichte hin zu einer Utopie sind die großen Erzählungen, denen man nicht mehr glauben kann. Folglich kann es auch kein Projekt der Moderne mehr geben, keine große Idee von Freiheit und Sozialismus, der allgemeine Geltung zu verschaffen ist und der sich alles gesellschaftliche Handeln unterzuordnen hat.
Es gibt keine übergeordnete Sprache, keine allgemeinverbindliche Wahrheit, die widerspruchsfrei das Ganze eines formalen Systems legitimiert. Wissenschaftliche Rationalität, sittliches Handeln und politische Gerechtigkeitsvorstellungen spielen je ihr eigenes Spiel und können nicht zur Deckung gebracht werden.
In systematischer Hinsicht stellt Lyotard heraus, dass theoretische und praktische Vollzugsformen von „Vernunft“ unvermittelbar seien. In seinem systematischen Hauptwerk „Der Widerstreit“ bezieht Lyotard dies besonders auf die Funktionsweisen sprachlicher Verknüpfungsoperationen. Weder theoretische noch praktische Vernunft könnten für eine Brückenbildung aufkommen, allenfalls ein kunstvolles Interchangieren sei möglich und müsse sich einer „ästhetischen“ Urteilskraft bedienen, für die wesentlich sei, fortwährend auf Regelsuche für ihre eigene Operationsweise zu sein. Bekannt unter anderem dafür wurde das Bild der Kreuzfahrt in einem zerklüfteten Archipel.
Lyotard selbst und auch andere meinen, hier an Ideen Wittgensteins bezüglich spezifischer Verfahrensweisen in spezifischen „Sprachspielen“ anknüpfen zu können, welche, jedenfalls dieser Akzentuierung zufolge, Kommunikation über deren Sprachspielgrenzen hinaus prinzipiell ausschlössen (dass dieser etwas assoziative Anschluss mit Wittgensteins Texten verträglich wäre, wird jedoch von vielen Experten bezweifelt). In ähnlichem Sinne wird, teils im Anschluss an den US-amerikanischen Physiker, Wissenschaftsphilosoph und Wissenschaftshistoriker Thomas S. Kuhn (der sich jedoch auf die Dynamik wissenschaftlicher Theorien bezogen hatte), auch für unterschiedliche Sprachspiele, Kulturen und kleinteiligere „Diskurse“ von „Inkommensurabilität“, also dem Fehlen eines gemeinsamen Maßes, gesprochen.
In der Diagnose der Zerklüftetheit „der“ Vernunft jedenfalls spitzt Lyotard Brüche und Antinomien weiter zu, die er selbst beispielsweise in der Konfiguration des kantischen Denkens ausmacht, welchem er teils recht detaillierte Studien widmete. Denn schon Kant sah eine Vermittlung zwischen den Reichen der Notwendigkeit (in der theoretisch erfassten Natur) und der (praktischen) Freiheit allenfalls über die (ästhetische) Urteilskraft, hatte aber beispielsweise betont, zumindest das ästhetisch Schöne gebe dem Subjekt ein Einheitsversprechen. Dieses Versprechen wird für Lyotard allerdings durch die im „Erhabenen“ erscheinende Kluft unterminiert. Lyotards diesbezügliche Interpretationen von Kants Kritik der Urteilskraft und ihre Anwendung etwa auf die Werke Barnett Newmans erzielten zeitweise hohe Aufmerksamkeit.


Elemente
In der Postmoderne steht nicht die Innovation im Mittelpunkt des (künstlerischen) Interesses, sondern eine Rekombination oder neue Anwendung vorhandener Ideen. Die Welt wird nicht auf ein Fortschritts­ziel hin betrachtet, sondern vielmehr als pluralistisch, zufällig, chaotisch und in ihren hinfälligen Momenten angesehen. Ebenso gilt die menschliche Identität als instabil und durch viele, teils disparate, kulturelle Faktoren geprägt. Massenmedien und Technik spielen eine wichtige Rolle als Träger und Vermittler von Kultur (siehe auch Medientheorie).
Die postmoderne Kunst zeichnet sich unter anderem aus durch den erweiterten Kunstbegriff und zitathafte Verweise auf vergangene Stile, die teils ironisch in Szene gesetzt werden. Wo die Ironie misslingt oder nicht vorliegt, lässt sich die ganze Richtung mit dem Eklektizismus vergleichen.
Elemente postmodernen Denkens und Urteilens sind:

Absage an den seit der Aufklärung betonten Primat der Vernunft (ratio) und an die Zweckrationalität (die bereits in der Moderne erschüttert wurden)
Verlust des autonomen Subjekts als rational agierende Einheit
Neue Hinwendung zu Aspekten der menschlichen Affektivität und Emotionalität
Ablehnung oder kritische Betrachtung eines universalen Wahrheitsanspruchs im Bereich philosophischer und religiöser Auffassungen und Systeme (sog. Metaerzählungen oder Mythen wie Moral, Geschichte, Gott, Ideologie, Utopie, Religion, aber auch – insofern sie einen Wahrheits- oder Universalitätsanspruch trägt – Wissenschaft)
Verlust von Solidarität, traditionellen Bindungen und eines allgemeinen Gemeinschaftsgefühls
Sektoralisierung des gesellschaftlichen Lebens in eine Vielzahl von Gruppen und Individuen mit einander widersprechenden Denk- und Verhaltensweisen, Fragmentierung kollektiver Identitäten
Autonomieverlust und Entdifferenzierung der in der Moderne ausdifferenzierten gesellschaftlichen Subsysteme, im Kulturbereich bis hin zur „Implosion“ (Baudrillard) der traditionellen Kultur ins Soziale
Auflösung intellektueller und Delegitimierung politischer Avantgarden
Versuche der Abkehr von ethno- und androzentrischen Konzepten
Toleranz, Freiheit und radikale Pluralität in Gesellschaft, Kunst und Kultur
Dekonstruktion, Mixing von Codes als (neue) Kulturtechniken
Verwendung von Bildern anstelle von Worten, figurale statt diskursiver Kultur
Zunehmende Zeichenhaftigkeit der Welt (siehe auch Semiotisches Dreieck und Jean Baudrillard): Problematisierung und Abkehr von der Realität und Hinwendung zu den Repräsentationen, die die Realität verdecken und sozial bedeutsamer werden als diese
Vorherrschende Methoden der postmodernen Kultur- und Geisteswissenschaft sind die Diskursanalyse und der Dekonstruktivismus.

Zu den philosophischen Grundlagen der Dekonstruktion vgl. den Hauptartikel Jacques Derrida.


In Musik, Sport, Kunst, Architektur und Literatur


Musik
Der Musikwissenschaftler Jörg Mischke versteht unter Postmoderne eine deutlich gewachsene Pluralität gewachsener Denk- und Handlungsmöglichkeiten in der Musik, die mit der Pluralisierung von Lebensstilen einhergeht. Techniken wie Collage, Crossover, Montage und Pastiche können zur musikalischen Postmoderne gerechnet werden. Zur musikalischen Postmoderne zählt auch der Bruch mit kompositorischen Traditionen wie Atonalität, Serialismus, Zwölftontechnik oder auch die Übernahme postmoderner Diskurse in die Musik, z. B. bei postfeministischen Riot-Grrrl-Bands.
Nach Jonathan Kramer gibt es 16 verschiedene Charakteristiken postmoderner Musik, beispielsweise: Traditionsbruch, Ironisierung, Grenzüberschreitung, Verachtung für musikalische Dogmen, Fragmentarisierung, Musikzitate, Eklektizismus, Diskontinuität, spielerischer Umgang mit Traditionen, Vieldeutigkeit. Die Verwendung des Begriffes Postmoderne zur Beschreibung musikalischer Stilistiken und Erscheinungsformen ist allerdings umstritten.
Als typische Vertreter einer musikalischen Postmoderne werden mit sehr unterschiedlichen Ausdrucksformen unter anderen Laurie Anderson, Luciano Berio, John Cage , Steve Reich, Philip Glass, John Adams, Michael Gordon, Sofia Gubaidulina, Charles Ives, Gija Kantscheli, Krzysztof Penderecki, Olga Neuwirth, Arvo Pärt, Alfred Schnittke, Jóhann Jóhannsson, King Crimson, The Cinematic Orchestra, Bugge Wesseltoft, Nils Frahm, Ólafur Arnalds, The Necks, Nik Bärtsch, Max Richter, Hans Florian Zimmer, John Rutter, Amon Tobin, Frank Zappa, John Zorn und Valentin Silvestrov genannt. Die Postmoderne hat sich in nahezu allen Genres in der Musik niedergeschlagen, wie orchestrale, notierte Musik, Improvisationsmusik, Jazz, Rock, Pop, Filmmusik und elektronische Musik. Bisweilen gehören ganze Genres dazu, wie Post-Rock, Minimal Music, Nu Jazz oder EDM. In der Neuen Musik ist besonders Berios Sinfonia von 1968–69 (dritter Satz) bekannt geworden.


Sport
Mit der Zulassung von Berufssportlern zu den Olympischen Spielen wurde seit 1981 die lange vorherrschende Ideologie des Amateurs beendet, wodurch sich eine der traditionellen Definitionen von Sport auflöste; mit der Selbstauflösung des Ostblocks entfiel eine der wesentlichen Begründungen der staatlichen Finanzierung des Spitzensport in den westlichen Ländern. Dieser Wegfall der meta-narrativen Strukturen wurden in Sport und Sportwissenschaft mit der Postmoderne identifiziert. Auch das Doping-Dilemma, bei dem die Entscheidung für Fair Play den Abbau der Chancengleichheit bedeuten kann und Berufssportler bestimmte Medikamente nicht nehmen dürfen, die im Ballett selbstverständlich sind, ist mit dem Aufkommen der Postmoderne identifiziert worden. Selbst die Olympischen Spiele 1936 sind schon mit der Postmoderne in Zusammenhang gebracht worden, da sie einerseits in jedem Land anders wahrgenommen wurden und andererseits Pierre de Coubertin in einem Interview unmittelbar nach den Spielen sagte, es sei doch egal, ob man Propaganda für ein politisches System (1936) oder für schönes Wetter (Südkalifornien, 1932) mache. Entscheidend sei, dass die Spiele großartig gefeiert würden. Eine solche Ablehnung von meta-narrativen Erklärungsversuchen ist symptomatisch für die Postmoderne. Phillips geht noch einen Schritt weiter, indem er dem gesamten positivistischen Ansatz der Sportgeschichtsschreibung den Dekonstruktivismus der Postmoderne entgegenhält.


Kunst
Die späte oder „Hochmoderne“ (highly modernist art, Jameson) hatte mit dem Realismus der bildenden Kunst gebrochen, indem sie die Repräsentation der Realität erfolgreich destabilisierte, z. B. durch ihren Minimalismus, ihr Streben nach Singularität, durch Pop Art und den Fotorealismus. Hingegen problematisiert und destabilisiert die Postmoderne die Realität selbst, deren Objekte ihre Rolle als Träger und Stifter sozialer Bedeutung verlieren. Postmoderne Kunst durchbricht die Schranken zwischen Kunstwerk, Autor und Betrachter, zwischen Hochkultur und Massenkultur und zwischen den Genres, z. B. in Form der Performance, und sogar zwischen Werbung und Kunst. Wies die Moderne jedem durch seinen Konsum spezifischer kultureller Objekte einen Ort in der gesellschaftlichen Kultur(hierarchie) zu, hat sie also eine soziale Distinktionsfunktion, bringt die Postmoderne eine Vielzahl nicht-hierarchischer Differenzen und fragmentierter Identitäten zum Ausdruck, welchen gegenüber sie sich tolerant verhält. Anders als teure Ölbilder sind Symbole unbeschränkt konsumierbar; ihr Konsum kann nicht so leicht sozial eingeschränkt werden; das Internet erleichtert ihre Verbreitung. Sie nehmen zwar Bezug auf das Soziale, repräsentieren aber nicht.


Architektur
Im Bereich der Architektur kann die Postmoderne als Ablehnung des Verbindlichkeitsanspruchs der Stilmerkmale des modernen Funktionalismus verstanden werden. Vorherrschend ist eine eklektische Grundhaltung, die ironisch und spielerisch mit historischen Bauformen umgeht („Collagearchitektur“).


Literatur
Die literarische Postmoderne weist den Innovationszwang der Hochmoderne zurück, da es nichts Neues mehr zu erfinden gibt, und spielt stattdessen mit literarischen Traditionen, Zitaten, Collagen und Parodien. Erzählt wird fragmentarisch, mit ironischer Distanz und wechselnder Perspektive, wodurch der Konstruktionscharakter der Erzählung im Vordergrund steht. Im Mittelpunkt der Erzählungen stehen keine Helden, sondern oft Außenseiter oder Angehörige von Subkulturen.


Politikwissenschaft
In der Politikwissenschaft und hier vor allem in den Internationalen Beziehungen sind postmoderne Ansätze, etwa im Vergleich mit realistischen oder liberalen, eine sehr junge Form der Theoriebildung. Postmoderne Ansätze haben zwei zentrale Charakteristika:

den Fokus auf die Analyse von Texten und anderen Veröffentlichungen, wie Bildern und Symbolen, anstatt auf die Geschehnisse selbst.
die Skepsis gegenüber „objektiven“ Wahrheiten oder Kategorisierungen.
„Denn wenn das, was wir von Ereignissen wissen, diskursiv vermittelt ist, dann gibt es immer mehr als eine Version dieser Ereignisse.“
Welche Form des Diskurses die überlegene ist, ist auf der einen Seite eine Frage von Macht. In anderen theoretischen Ansätzen, etwa beim Realismus, ist diese Macht den Staaten vorbehalten. Wer auf dem internationalen Parkett besser positioniert ist (etwa durch Ressourcen), dominiert. Postmoderne Ansätze gehen dagegen nicht nur davon aus, dass diskursive Repräsentationen Ausdruck von Macht sind, sondern der Diskurs an sich ist eine Form der Machtausübung. Diese ist nicht an einen Teilnehmer des Diskurses gebunden, sondern erstreckt sich über den gesamten Kontext der Handlung.
Insofern mit „postmodern“ auch eine politische Haltung gekennzeichnet wird, meint dies eine gegenüber politischen Institutionen und Prozessen eher kritische, Bekenntnisse und Ideologien ablehnende individualistische Position.


Geschichtsschreibung
Der Grundgedanke der postmodernen Theorie der Geschichtsschreibung ist die Leugnung ihres Wirklichkeitsbezugs. Roland Barthes und Hayden White betonten, dass sich Geschichtsschreibung nicht von Dichtung unterscheide, und selbst Dichtung sei. White wollte in seinem Buch „Metahistory. Die historische Einbildungskraft im 19. Jahrhundert in Europa“ aufzeigen, dass es kein geschichtswissenschaftliches Wahrheitskriterium gibt. Zwar könne Geschichtsschreibung aus Quellen Tatsachen ermitteln, aber jede Verknüpfung zu einer zusammenhängenden Darstellung werde von ästhetischen und moralischem, nicht von wissenschaftlichen Erwägungen bestimmt. Für ihn sind historische Erzählungen sprachliche Fiktionen, deren Inhalt ebenso erfunden wie vorgefunden ist.


Kritik
Die Postmoderne wendet sich gegen unterschiedlichste Grundannahmen der Moderne insbesondere ideologischer, aber auch kultureller Art. Postmoderne Philosophen sahen sich nicht zuletzt gerade deswegen heftiger Kritik ausgesetzt. Der Soziologe Lothar Bossle kam 1992 zu dem Schluss, dass „im Begriff der Postmoderne alle Trends in ihren Gegensätzlichkeiten zusammengebunden, in ihrem oberflächliche Quasicharakter, in ihren Untiefen und Abgründen zusammengebunden“ worden seien.


Kritik seitens Vertretern des wissenschaftlichen Realismus
Der wissenschaftliche Realismus wirft Vertretern der Postmoderne vor, die Institutionen der Wissenschaft zur Verbreitung politischer Ansichten zu missbrauchen. Inhaltlich wurde an Positionen der Postmoderne ein Hang zum Irrationalismus kritisiert sowie eine Leugnung der Tatsache, dass naturwissenschaftliche Theorien durch Beobachtungen wohlbegründet seien und daher beanspruchen könnten, die Realität objektiv zu beschreiben. In eine ähnliche Richtung zielen auch der von Tom Nichols konstatierte Tod des Expertentums sowie die Klagen über die zunehmende Verbreitung von Fake News und Verschwörungstheorien durch selbsternannte Experten.


Kritik an der Methodik
Berühmt ist die so genannte Sokal-Affäre, in der Social Text, eine postmoderne Zeitschrift ohne Peer-Review, einen Artikel zur Veröffentlichung akzeptierte, der absichtlich nur aus unsinnigen Aussagen bestand. In dem Artikel gehe es – so die Aussage des Autors Alan Sokal in der Inhaltsangabe – um die Weiterentwicklung postmoderner Konzepte unter Berücksichtigung neuer Entwicklungen der Quantengravitation. Der Artikel lehnte sich sprachlich an die Arbeiten Baudrillards an und kam als postmoderne Kritik am wissenschaftlichen Realismus daher, um auf das postmoderne Publikum sympathisch zu wirken. Laut Sokal zeige das Gelingen dieses Versuchs mangelhafte intellektuelle Standards und Missbrauch mathematisch-naturwissenschaftlicher Metaphern in der postmodernen geistes- und sozialwissenschaftlichen Szene.


Kritik durch Foucault
Auch viele spätmoderne Philosophen, die hin und wieder der Strömung der „Postmoderne“ zugerechnet werden, haben sich hierzu kritisch geäußert. So hebt beispielsweise Michel Foucault eine „zu bekämpfende Tendenz“ hervor, „das gerade Geschehene zum Hauptfeind zu erklären, als ginge es immer nur darum, sich von der Hauptform der Unterdrückung zu befreien“. Gegen Lyotard erklärt Foucault sich „vollkommen einverstanden“ mit dem „von Habermas aufgeworfene(n) Problem: Wenn wir zum Beispiel das Werk von Kant oder Weber aufgeben, laufen wir Gefahr, der Irrationalität zu verfallen“. Stattdessen fordert Foucault, „möglichst nahe an“ der Frage nach der Beschaffenheit und Genese der Vernunft zu bleiben, „die wir benutzen“. Weit entfernt davon zu meinen, „die Vernunft sei der Feind, den wir beseitigen müssten“, geht es Foucault um die Akzeptanz einer „Drehtür der Rationalität“, insofern selbst exemplarische Formen der Irrationalität wie jene des Rassismus sich als eine Form „strahlender Rationalität“ darstellten, in diesem Fall jener des Sozialdarwinismus.


Politische Kritik
Klassische politische Ideologien wie Konservatismus und Liberalismus und Teile der politischen Linken lasten dem postmodernen Denken als Defizit eine Beliebigkeit zu wichtigen Fragen in Kultur und Gesellschaft an. Seyla Benhabib kritisiert beispielsweise, dass „postmoderne Positionen nicht nur das Spezifische der feministischen Theorie auslöschen, sondern sogar das Emanzipationsideal der Frauenbewegung schlechthin in Frage stellen [könnten]“.
Auch von Seiten der Kritischen Theorie wurden ähnliche Einwände vorgetragen. Robert Kurz greift die Kulturalisierung und Ästhetisierung kapitalismusimmanenter Widersprüche durch den Postmodernismus an. Stefan Zenklusen bestreitet in subjekt- und sprachphilosophischer, soziologischer und politologischer Hinsicht die Gültigkeit der Grundannahme der „irreduziblen Pluralität“. Laut Samuel Salzborn gelingt es Postmodernisten, „Ideen fundamentaler Ungleichheit, wie sie in kulturalistischen Ansätzen generell verfochten werden, eine zunehmende Repräsentanz zu verschaffen“. Durch die Schaffung „gegenaufklärerischer Konzepte“ sei der emanzipatorische Anspruch der Begründer postmoderner Modernekritik in sein Gegenteil umgeschlagen.
Dagegen werden gerade von Teilen der Neuen Linken und in feministischen Debatten
postmoderne Ideen als produktiv für das Verständnis aktueller gesellschaftlicher Entwicklungen begriffen. Das gilt auch für die Infragestellung der in der Moderne verschärften Abgrenzung zwischen Hoch-, Massen- und Subkultur(en) und des damit verbundenen Elitarismus.


Ende der Postmoderne?
Der deutsche Philosoph Markus Gabriel und sein italienischer Kollege Maurizio Ferraris postulierten 2011 das Ende der Postmoderne mit ihrem Nihilismus, Irrationalismus, Zynismus und ihrer Ironie: Die postmoderne Vorherrschaft der Interpretation gegenüber den Tatsachen werde durch einen Neuen Realismus (nuovo realismo) abgelöst. Für den deutschen Sprachraum hatten das Hans-Peter Müller und Jost Hermand bereits früher getan.
Im angelsächsischen Sprachraum gilt oft der 11. September 2001 als eine Zäsur, die das Ende der verspielten Ironie markierte. David Foster Wallace hatte sein Unbehagen über die in den USA medial allgegenwärtige und kommerzialisierte Ironie schon lange vorher formuliert; er hielt sie für einen Ausdruck der Selbstbanalisierung der Sprechenden und der Irrelevanz ihrer Äußerungen und forderte eine neue Ernsthaftigkeit und Aufrichtigkeit (new sincerity) der Literatur. Sein Roman Infinite Jest (1996; dt. Unendlicher Spaß, 2009) kann trotz seines streckenweise ironischen, nur teilweise realistischen Stils als Beispiel für die Überwindung postmoderner Ironie gelten; auch die Werke von Jonathan Franzen und Marilynne Robinson werden als literarische Beiträge zur neuen Ernsthaftigkeit und Aufrichtigkeit angesehen. Und schon Friedrich Schlegel wusste, dass man Ironie „doch eben auch überdrüssig wird, wenn sie uns überall und immer wieder geboten wird“.


Siehe auch
Zweite Moderne
Postdemokratie


Literatur
Bedeutende Werke bekannter Vertreter
Guy Debord: Die Gesellschaft des Spektakels. Edition Tiamat, Berlin 1996.
Gilles Deleuze: Die Falte. Leibniz und der Barock. Suhrkamp, Frankfurt am Main 1995.
Gilles Deleuze, Félix Guattari: Mille Plateaux. Paris 1980.
deutsch: Kapitalismus und Schizophrenie 2 – Tausend Plateaus. Merve, Berlin 1992.
Jacques Derrida: Grammatologie. Frankfurt am Main 1974.
Jacques Derrida: Die Stimme und das Phänomen. Frankfurt am Main 2003, ISBN 978-3-518-10945-8.
Jacques Derrida: Randgänge der Philosophie. Wien 1988.
Jacques Derrida: Die différance. Ausgewählte Texte. Stuttgart 2004.
Romano Guardini: Das Ende der Neuzeit. Ein Versuch zur Orientierung. Hess, Basel 1950; Werkbund-Verlag, Würzburg 9. Auflage 1965; Grünewald/Schöningh, Mainz/Paderborn 12. Auflage 1995, ISBN 3-7867-1250-6/ISBN 3-506-74521-2.
Charles Jencks: The Language of Post-Modern Architecture. London 1977.
deutsch: Die Sprache der postmodernen Architektur. Die Entstehung einer alternativen Tradition. Stuttgart 1978.
Jean-François Lyotard: Das postmoderne Wissen. Passagen-Verlag, Wien 2009, ISBN 978-3-85165-902-3 (Original-Titel: La condition postmoderne, éditions Minuit, Paris 1979).
Jean-François Lyotard: Der Widerstreit. Fink, München 1987.
Jean-François Lyotard: The Inhuman. Stanford University Press, Stanford 1991.

Über Postmoderne und Postmodernismus
Zygmunt Bauman: Intimations of Postmodernity. Routledge, London 1992.
Roger Behrens: Postmoderne. EVA Wissen 3000, Hamburg 2004, ISBN 3-434-46237-6.
Lothar Bossle: Die Postmoderne als Austragsstüberl des Abendlandes. In: Herbert Kessler (Hrsg.): Humane Zukunft. Abhandlungen der Humboldt-Gesellschaft für Wissenschaftm Kunst und Bildung e. V. Band 10. Mannheim 1988.
Christopher Butler: Postmodernism. A very short introduction. Oxford University Press, New York 2002, ISBN 0-19-280239-9.
Alex Callinicos: Against Postmodernism. A Marxist Critique. Polity Press, Cambridge 1989.
Terry Eagleton: The Illusions of Postmodernism. Blackwell, Oxford 1996.
Mike Featherstone: Undoing Culture. Globalization, Postmodernism and Identity. Sage Publications, London 1995.
Bernd Goebel, Fernando Suárez Müller: Kritik der postmodernen Vernunft. Über Derrida, Foucault und andere zeitgenössische Denker. Wissenschaftliche Buchgesellschaft, Darmstadt 2007, ISBN 978-3-534-20486-1.
Jürgen Habermas: Der philosophische Diskurs der Moderne. Suhrkamp, Frankfurt am Main 1988.
David Harvey: The Condition of Postmodernity. Blackwell Publishers, Cambridge 1995.
Stuart Jeffries: Everything, All the Time, Everywhere: How We Became Post-modern. Verso, London 2021, ISBN 978-1-78873-822-4.
Jens Kastner: Politik und Postmoderne. Libertäre Aspekte in der Soziologie Zygmunt Baumans. Unrast, Münster 2000.
Peter Kemper (Hrsg.): ‚Postmoderne‘ oder Der Kampf um die Zukunft. Die Kontroverse in Wissenschaft, Kunst und Gesellschaft. Fischer, Frankfurt am Main 1988.
Alfrun Kliems (Hrsg.): Lyrik des 20. Jahrhunderts in Ost-Mittel-Europa. Band 1: Spätmoderne (= Literaturwissenschaft, Bd. 2). Frank & Timme, Berlin 2006, ISBN 978-3-86596-020-7.
Scott Lash: Sociology of Postmodernism. Routledge, London 1990.
Klaus-Rüdiger Mai: Die Kommunistin. Sahra Wagenknecht: Eine Frau zwischen Interessen und Mythen. Europa Verlag, München 2024, ISBN 978-3-95890-618-1. (Daraus das 17. Kapitel auf S. 241–255: Exkurs: Was ist Postmodernismus?)
Christoph Riedweg (Hrsg.): „Nach der Postmoderne. Aktuelle Debatten zu Kunst, Philosophie und Gesellschaft“ (= Schwabe reflexe 34), Schwabe, Basel 2014, ISBN 978-3-7965-3250-4.
Thorsten Scheer: Postmoderne als kritisches Konzept. Fink, München 1992.
Burghart Schmidt: Postmoderne – Strategien des Vergessens. Ein kritischer Bericht, Darmstadt und Neuwied 1986 (4., überarbeitete Neuauflage 1994, ISBN 3-518-28736-2).
Wolfgang Welsch: Unsere postmoderne Moderne. 6. Auflage. Akademie, Berlin 2002, ISBN 3-05-003727-X.
Peter V. Zima: Moderne – Postmoderne. Gesellschaft, Philosophie, Literatur. 2. Auflage. Francke, Tübingen u. a. 2001, ISBN 3-8252-1967-4.
Daniel-Pascal Zorn: Die Krise des Absoluten. Was die Postmoderne hätte sein können, Klett-Cotta, Stuttgart 2022, ISBN 978-3-608-98349-4.

Textsammlungen
Peter Engelmann: Postmoderne und Dekonstruktion. Texte französischer Philosophen der Gegenwart. (= RUB 8668). Reclam, Stuttgart 2004, ISBN 3-15-008668-X.
Wolfgang Welsch: Wege aus der Moderne. Schlüsseltexte der Postmoderne-Diskussion. Akademie Verlag, Berlin 1994.
Thomas Docherty (Hrsg.): Postmodernism. A Reader. Harvester Wheatsheaf, New York u. a. 1993.
Fredric Jameson: Cultural Turn: Selected Writings on the Postmodern 1983–1998. Verso, London 1998, ISBN 1-85984-182-1.

Hilfsmittel
Stuart Sim: The Routledge companion to postmodernism. 2. Auflage. Routeledge, London u. a. 2006, ISBN 0-415-33359-8, ISBN 0-415-33358-X.
Victor E. Taylor, Charles E. Winquist (Hrsg.): Encyclopedia of postmodernism. Reprint, Routledge, London u. a. 2005, ISBN 0-415-15294-1, ISBN 0-415-30886-0.
Patrick Baum, Stefan Höltgen (Hrsg.): Lexikon der Postmoderne – Von Abjekt bis Zizek. Begriffe und Personen. Projektverlag, Bochum/Freiburg 2010, ISBN 978-3-89733-209-6.


Ausstellungen
2023/2024: Alles auf einmal: Die Postmoderne 1967–1992. Bundeskunsthalle Bonn.


Weblinks

Literatur von und über Postmoderne im Katalog der Deutschen Nationalbibliothek
Gary Aylesworth: Postmodernism. In: Edward N. Zalta (Hrsg.): Stanford Encyclopedia of Philosophy.
Christian Köllerer: Die Errungenschaften der Postmoderne als Theorie Eine philosophische Kritik. (Erlanger Digitale Edition)
Jean-François Lyotard: The Postmodern Condition – A Report on Knowledge. 1979; First 5 Chapters of main body of work
Klaus-Jürgen Bruder: La condition postmoderne – est-ce qu’elle est passée? Eine Zeitdiagnose. In: Gestalttherapie. 21 (1), 2007, S. 3–23. Edition Humanistische Psychologie (Köln)
Spätmoderne, Durchbruch der globalen Moderne im Gegensatz zur Postmoderne
Albert Meier: Postmoderne: Philosophie – Literatur. Unter Mitarbeit von Aljoscha Leptin und Zara Zerbe (2017)


Einzelnachweise","[""Postmoderne"", ""Jean-Fran\u00e7ois Lyotard"", ""Kulturtheorie"", ""Dekonstruktivismus"", ""Relativismus""]","[{'role': 'Philosopher', 'description': 'An expert in postmodern philosophy who can provide deep insights into the theoretical aspects of the topic.', 'expertise_area': 'Philosophy', 'perspective': 'Theoretical Analysis', 'speaking_style': {'tone': 'Reflective and contemplative, often serious with occasional humor to illustrate points.', 'language_complexity': 'Complex language with philosophical jargon, frequent use of metaphors and analogies.', 'communication_style': 'Collaborative and inquisitive, often poses rhetorical questions to provoke thought.', 'sentence_structure': 'Long and complex sentences with subordinate clauses, varied sentence length to maintain engagement.', 'formality': 'Formal', 'other_traits': 'Uses pauses effectively to allow for reflection, occasionally interrupts to clarify or expand on ideas.'}, 'personalized_vocabulary': {'filler_words': ['Ähm', 'Nun', 'Also'], 'catchphrases': ['Das ist die Frage.', 'In der Tat.', 'Es gibt mehr als das Auge sieht.'], 'speech_patterns': [""Begins sentences with 'Man könnte sagen...'"", ""'Was wäre wenn...' as a question starter""], 'emotional_expressions': ['Lacht leise bei ironischen Bemerkungen', ""'Erstaunlich!' bei überraschenden Einsichten""]}, 'social_roles': ['Initiator-Contributor', 'Evaluator-Critic'], 'social_roles_descr': ['Contributes new ideas and approaches and helps to start the conversation or steer it in a productive direction.', 'Analyzes and critically evaluates proposals or solutions to ensure their quality and feasibility.']}, {'role': 'Cultural Theorist', 'description': 'A scholar specializing in cultural theory and the impact of postmodernism on contemporary culture.', 'expertise_area': 'Cultural Studies', 'perspective': 'Cultural Impact', 'speaking_style': {'tone': 'Analytical and insightful, often enthusiastic when discussing cultural phenomena.', 'language_complexity': 'Moderately complex language with academic jargon, frequent use of analogies and references to cultural texts.', 'communication_style': 'Collaborative and engaging, encourages dialogue and often asks for opinions or feedback.', 'sentence_structure': 'Medium to long sentences with occasional subordinate clauses, varied sentence length to keep the discussion dynamic.', 'formality': 'Semi-formal', 'other_traits': 'Uses rhetorical devices such as repetition for emphasis, occasionally pauses to allow others to contribute.'}, 'personalized_vocabulary': {'filler_words': ['Ähm', 'Also', 'Ehrlich gesagt'], 'catchphrases': ['Das ist faszinierend.', 'Kulturell gesehen...', 'Man könnte argumentieren...'], 'speech_patterns': [""Beginnt oft mit 'Interessanterweise...'"", ""'Wie wir sehen können...' als Überleitung""], 'emotional_expressions': ['Lacht herzlich bei humorvollen Anekdoten', ""'Unglaublich!' bei überraschenden Erkenntnissen""]}, 'social_roles': ['Coordinator', 'Encourager'], 'social_roles_descr': ['Connects the different ideas and suggestions of the group to ensure that all relevant aspects are integrated.', 'Provides positive feedback and praise to boost the morale and motivation of group members.']}, {'role': 'Historian', 'description': 'A historian with expertise in the evolution of postmodern thought and its historical context.', 'expertise_area': 'History', 'perspective': 'Historical Context', 'speaking_style': {'tone': 'Measured and thoughtful, often serious with a touch of optimism when discussing historical progress.', 'language_complexity': 'Complex language with historical jargon, frequent use of storytelling and references to historical events.', 'communication_style': 'Direct and assertive, encourages critical thinking and often challenges assumptions.', 'sentence_structure': 'Long sentences with multiple clauses, uses questions to engage listeners, varied sentence length for emphasis.', 'formality': 'Formal', 'other_traits': 'Uses pauses effectively to emphasize key points, occasionally interrupts to correct misconceptions.'}, 'personalized_vocabulary': {'filler_words': ['Ähm', 'Nun ja', 'Tatsächlich'], 'catchphrases': ['Geschichtlich gesehen...', 'Das ist von Bedeutung.', 'Man darf nicht vergessen...'], 'speech_patterns': [""Beginnt oft mit 'Historisch betrachtet...'"", ""'Was wir wissen...' als Einleitung""], 'emotional_expressions': ['Seufzt bei komplexen Themen', ""'Beeindruckend!' bei bedeutenden historischen Einsichten""]}, 'social_roles': ['Information Giver', 'Blocker'], 'social_roles_descr': ['Shares relevant information, data or research that the group needs to make informed decisions.', ""Frequently opposes ideas and suggestions without offering constructive alternatives and delays the group's progress.""]}]","Das Treffen konzentrierte sich auf die Postmoderne, eine umstrittene politisch-wissenschaftlich-künstlerische Richtung, die sich gegen bestimmte Institutionen und Methoden der Moderne wendet. Jean-François Lyotard prägte den Begriff mit seiner Schrift „Das postmoderne Wissen“ von 1979, in der er das Scheitern der philosophischen Systeme der Moderne erklärte und die Vielfalt von Sprachspielen als Alternative vorschlug. Die Postmoderne kritisiert das totalitäre Prinzip der Moderne und stellt dem Innovationsstreben eine Vielfalt gleichberechtigter Perspektiven gegenüber. In Kunst und Kultur wird eine prinzipielle Offenheit gefordert, wobei vergangene Stile oft ironisch zitiert werden. Der Begriff hat seit den 1980er Jahren an fester Bedeutung verloren, da einige Vertreter Verbindungen zur Moderne pflegen. Ursprünglich wurde der Begriff bereits um 1870 verwendet, um heterogene gesellschaftliche Entwicklungen zu beschreiben. Kritiker werfen der Postmoderne Irrationalismus und Beliebigkeit vor; prominente Kritiker sind Michel Foucault und Vertreter des wissenschaftlichen Realismus. Es wurde beschlossen, weitere Diskussionen über die Auswirkungen auf verschiedene Bereiche wie Musik, Sport, Kunst und Literatur zu führen.","[""Scene 1: Opening and Greetings\nTLDR: Brief welcome and setting the tone for collaborative discussion.\n- Quick greetings among participants\n- Setting expectations for a flexible and engaging meeting\n- Encouragement for spontaneous contributions"", ""Scene 2: Introduction to Postmodernism\nTLDR: Overview of postmodernism's key concepts and historical context.\n- Philosopher introduces Jean-Fran\u00e7ois Lyotard's ideas\n- Historian provides historical background on postmodernism\n- Cultural Theorist highlights cultural impacts"", ""Scene 3: Philosophical Perspectives\nTLDR: Deep dive into theoretical aspects of postmodern philosophy.\n- Discussion on the failure of modern philosophical systems\n- Exploration of diverse language games as alternatives\n- Participants share personal insights and experiences"", ""Scene 4: Cultural Impacts and Critiques\nTLDR: Examination of postmodernism's influence on culture, art, and criticism.\n- Cultural Theorist discusses openness in art and ironic citations of past styles\n- Debate on criticisms like irrationalism and arbitrariness with input from all participants\n- Sharing anecdotes related to cultural phenomena"", ""Scene 5: Historical Contextualization\nTLDR: Understanding the evolution of postmodern thought through history.\n- Historian elaborates on societal developments since the late 19th century\n- Discussion on connections between modernity and postmodernity \n- Participants reflect on historical progressions"", ""Scene 6: Spontaneous Discussion & Off-topic Moments\nTLDR: Allowing natural flow for unplanned topics or personal stories.\n- Open floor for any participant to introduce new ideas or questions \n- Brief off-topic moments encouraged to foster camaraderie \n- Personal experiences shared that relate indirectly to main topics"", ""Scene 7: Coordination of Tasks & Projects Virtually \nTLDR: Aligning efforts for effective virtual collaboration moving forward. \n- Discuss strategies for coordinating tasks remotely \n- Share updates on ongoing projects \n - Encourage feedback and suggestions from all participants""]",">>Cultural Theorist: Hallo zusammen! Ich freue mich auf unsere Diskussion heute. Lassen Sie uns darüber sprechen, wie die kulturellen Auswirkungen der Postmoderne unsere Gesellschaft bereichern können.
>>Philosopher: Hallo! Ich denke, es ist wichtig, dass wir offen und flexibel bleiben, um verschiedene Perspektiven zu integrieren.
>>Historian: Historisch betrachtet ist die Postmoderne eine faszinierende Phase, die uns dazu zwingt, unsere bisherigen Annahmen zu überdenken und neue Perspektiven zu akzeptieren. Tatsächlich zeigt sich in der Geschichte immer wieder—
>>Cultural Theorist [unterbricht]: Interessant! Können Sie das mit einem Beispiel aus der jüngeren Geschichte verdeutlichen?
>>Historian: Natürlich! Ein gutes Beispiel wäre die Reaktion auf den technologischen Wandel in den letzten Jahrzehnten. Diese Umbrüche haben sowohl Herausforderungen als auch Chancen für gesellschaftliche Innovationen geboten.
>>Philosopher: Es ist entscheidend, dass wir die postmoderne Vielfalt nicht nur als Herausforderung betrachten, sondern auch als Möglichkeit zur Innovation und zum Wachstum. 
 >>Historian: Wenn man sich die Geschichte anschaut, sieht man, dass die Postmoderne eine Reaktion auf das Scheitern der großen Erzählungen der Moderne ist. Lyotard hat das gut beschrieben. Aber was ich wirklich spannend finde, ist wie diese Ideen in den 80er Jahren die politische Landschaft verändert haben. Plötzlich war alles verhandelbar, und das hat viele Menschen herausgefordert.
>>Cultural Theorist: Absolut! Und wenn wir uns die Kunstszene ansehen, da gibt es so viele Beispiele für diese Fragmentierung. Denk nur an Künstler wie Cindy Sherman oder Jeff Koons – sie spielen mit Identitäten und Bedeutungen auf eine Art und Weise, die vorher kaum denkbar war. Diese Vielfalt kann sowohl bereichernd als auch verwirrend sein.
>>Philosopher: Das stimmt! Ich denke oft darüber nach, wie befreiend es sein kann, sich von starren Strukturen zu lösen. Aber gleichzeitig frage ich mich: Gibt es nicht auch Risiken? Wenn alles relativ ist, wie finden wir dann einen gemeinsamen Nenner? Ich erinnere mich an eine Diskussion mit einem Kollegen über genau dieses Thema – er meinte, dass wir vielleicht zu viel Freiheit haben.
>>Cultural Theorist: Interessant! Das erinnert mich daran, wie in der Literatur plötzlich alle Regeln gebrochen wurden. Autoren wie Salman Rushdie oder Umberto Eco haben gezeigt, dass Geschichten nicht linear sein müssen. Es eröffnet neue Möglichkeiten des Erzählens!
>>Philosopher: Ja genau! Und dabei stellt sich immer wieder die Frage nach Wahrheit und Realität. Ist es nicht faszinierend zu sehen, wie unterschiedlich Menschen darauf reagieren? Manche feiern diese Vielfalt regelrecht.
>>Historian: Da stimme ich dir zu! Aber ich habe auch erlebt, dass einige Leute Schwierigkeiten damit haben. In meiner Forschung habe ich gesehen, dass manche Gesellschaften sich schwer tun mit dieser Heterogenität – sie suchen nach Stabilität in einer Welt voller Veränderungen.
>>Cultural Theorist: Das ist ein guter Punkt! Vielleicht liegt darin auch eine Herausforderung für unsere kulturellen Normen – ständig neu verhandeln zu müssen kann anstrengend sein. Aber es bietet eben auch Chancen für neue Formen des Zusammenlebens! 
 >>Philosopher: Also, die postmoderne Philosophie fordert uns heraus, unsere bisherigen Denksysteme zu überdenken. Wenn wir Lyotards Idee der Sprachspiele betrachten, sehen wir eine Möglichkeit, wie unterschiedliche Erzählungen nebeneinander existieren können. Aber mal ehrlich, können wir wirklich in einer Welt leben, in der keine einzige Wahrheit mehr dominiert?

>>Historian: Ja, das ist spannend. Lyotards Konzept der Sprachspiele spiegelt nicht nur die philosophische Abkehr von den großen Erzählungen wider, sondern auch die gesellschaftliche Fragmentierung des 20. Jahrhunderts. Diese Entwicklung hin zu einer pluralistischen Weltanschauung bringt echte Herausforderungen mit sich – besonders beim Verständnis und der Akzeptanz verschiedener Wahrheiten.

>>Cultural Theorist: Genau! Die kulturelle Vielfalt kann sowohl Herausforderung als auch Bereicherung sein. Wenn wir die Idee der Sprachspiele weiterdenken, entstehen neue Formen des Verständnisses durch parallele kulturelle Narrative. Ich habe neulich einen Artikel gelesen über indigene Erzählungen und ihre Bedeutung im modernen Kontext – das zeigt genau diese Vielfalt.

>>Philosopher: Man könnte sagen, dass diese Philosophie uns nicht nur dazu zwingt, unsere Denksysteme zu hinterfragen, sondern auch unsere Konstruktion von Wahrheit und Realität. In einer Welt voller paralleler Erzählungen beansprucht jede ihre eigene Legitimität. Wie navigieren wir durch diese Vielzahl von Wahrheiten ohne einen gemeinsamen Maßstab? Was denkt ihr?

>>Historian: Historisch betrachtet ist die postmoderne Philosophie eine Reaktion auf das Scheitern großer Erzählungen und Ausdruck eines Wandels in unserer gesellschaftlichen Struktur. Diese Verschiebung hat beeinflusst, wie wir Wissen und Wahrheit konstruieren. Ich erinnere mich an meine Studienzeit – da war es ein großes Thema.

>>Cultural Theorist: Interessanterweise zwingt sie uns auch dazu zu überdenken, wie kulturelle Identitäten konstruiert werden. Wenn wir Lyotards Idee weiterdenken – es ist faszinierend zu sehen, wie jede Erzählung ihre eigene Legitimität beansprucht. Das erinnert mich an ein Projekt zur multikulturellen Bildung in Schulen.

>>Philosopher: Die postmoderne Philosophie stellt uns vor eine paradoxe Herausforderung: Während sie Vielfalt ermutigt, müssen wir gleichzeitig Unvereinbarkeit ertragen. Wie finden wir ein gemeinsames Verständnis für das Zusammenleben? Habt ihr konkrete Beispiele aus eurer Arbeit?

>>Historian: Nun ja... Diese historische Entwicklung hin zur Akzeptanz von Vielfalt zeigt deutlich den Wandel unserer Gesellschaftsstruktur und beeinflusst unser Verständnis von Wissen und Wahrheit. Ein gutes Beispiel wäre die Integration verschiedener historischer Perspektiven in Schulbücher.

>>Cultural Theorist: Ehrlich gesagt zeigt dies auch neue Möglichkeiten für kulturelles Verständnis durch parallele Narrative – das ist wirklich spannend! Ich denke da an meine Forschung zur Darstellung von Migrationserfahrungen in Literatur. 
 >>Philosopher: Ich denke, die postmoderne Kunst eröffnet durch ihre ironischen Zitate und den spielerischen Umgang mit alten Stilen neue kreative Möglichkeiten. Aber könnte diese Vielfalt nicht auch zu einer gewissen Beliebigkeit führen?
>>Historian: Das ist ein interessanter Punkt. Historisch gesehen spiegelt die postmoderne Kunst die gesellschaftliche Fragmentierung wider, wie man bei Künstlern wie Cindy Sherman sieht, die Identität und Erzählung hinterfragt. Diese Vielfalt kann als Reaktion auf das Scheitern der Moderne gesehen werden, die alles unter einem universellen Prinzip vereinen wollte.
>>Cultural Theorist: Absolut! Und wenn wir an jemanden wie Jean-Michel Basquiat denken, sehen wir, wie er kulturelle Vielfalt feiert und gleichzeitig traditionelle Kunstkonzepte herausfordert. Diese Offenheit bietet eine Chance, neue narrative Formen zu erkunden.
>>Philosopher: Ja genau! Vielleicht sollten wir die postmoderne Kunst als Spiegel betrachten – sie reflektiert unsere gesellschaftlichen Herausforderungen und bietet Raum für innovative Ansätze. Was denkt ihr über Künstler wie Damien Hirst in diesem Kontext?
>>Historian: Hirst ist ein gutes Beispiel dafür, wie postmoderne Kunst Unsicherheit thematisiert und gleichzeitig starre Strukturen der Moderne aufbricht. Seine Werke schaffen tatsächlich Raum für neue Ideen.
>>Cultural Theorist: Interessant! Durch seine provokative Herangehensweise zeigt Hirst auch, dass ironische Zitate nicht nur Kreativität fördern sondern auch kulturelle Vielfalt feiern können. Es gibt so viele Facetten zu entdecken!
>>Philosopher: Genau! Es zwingt uns dazu, unsere eigenen Wahrheiten ständig neu zu hinterfragen und vielleicht sogar neu zu definieren.
>>Historian: Und historisch betrachtet zeigt sich in dieser Vielfalt eine Art kulturelle Befreiung von den starren Strukturen der Vergangenheit. Diese Offenheit ermöglicht es uns wirklich, neue narrative Formen zu erkunden. 
 >>Philosopher: Die postmoderne Philosophie zeigt uns die Fragmentierung der großen Erzählungen und bietet neue narrative Formen. Was denkt ihr über die Rolle der Macht in der Geschichtsschreibung?

>>Cultural Theorist: Ja, sie feiert kulturelle Vielfalt und eröffnet kreative Möglichkeiten. Das ist ein guter Punkt! Ich denke, es eröffnet auch neue Dialoge zwischen Kulturen.

>>Historian: Diese Entwicklung begann im späten 19. Jahrhundert und spiegelte gesellschaftliche Veränderungen wider. Genau, und wie könnten wir diese Perspektive praktisch anwenden?

>>Philosopher: Es ist faszinierend, wie diese Perspektive unsere Sicht auf Wahrheit verändert.

>>Cultural Theorist: Interessanterweise könnte man argumentieren, dass sie auch kulturelle Identitäten neu definiert. Das eröffnet wirklich spannende Möglichkeiten für kreative Ausdrucksformen!

>>Historian: Wichtig ist zu erkennen – die Postmoderne verändert tiefgreifend unsere Wahrnehmung von Geschichte und Kultur. Diese Perspektive bietet sowohl Herausforderungen als auch Chancen für neue narrative Formen. 
 >>Philosopher: Ähm, ich frage mich manchmal, ob die postmoderne Philosophie nicht auch in unserem Alltag zu finden ist. Neulich habe ich einen alten Film gesehen und war erstaunt, wie er mit verschiedenen Erzählstrukturen spielt – das ist doch irgendwie postmodern, oder? Es hat mich wirklich inspiriert.

>>Cultural Theorist: Das erinnert mich an ein Gespräch mit einem Freund über die kulturellen Auswirkungen der Postmoderne. Wir haben darüber gesprochen, wie sich diese Denkweise in alltäglichen Dingen widerspiegelt, wie zum Beispiel in der Art und Weise, wie wir soziale Medien nutzen. Es ist faszinierend zu sehen, wie sich unsere Identitäten durch diese Plattformen ständig verändern. Was denkst du darüber?

>>Historian: Nun ja, historisch betrachtet ist es interessant zu sehen, wie die Postmoderne nicht nur in der Kunst und Philosophie Einzug gehalten hat. Tatsächlich hatte ich kürzlich eine Diskussion mit einem Kollegen über die Auswirkungen der Postmoderne auf unsere Wahrnehmung von Geschichte. Wir sprachen darüber, wie sich historische Erzählungen durch postmoderne Ansätze verändern und fragmentieren. Hast du Beispiele dafür gesehen?

>>Philosopher: Man könnte sagen, dass die postmoderne Philosophie uns dazu bringt, unsere alltäglichen Erfahrungen neu zu bewerten. Ähm, ich erinnere mich an eine Diskussion mit einem Freund über die Bedeutung von Erinnerungen und wie sie durch verschiedene Perspektiven verändert werden können. Das lässt mich oft grübeln.

>>Cultural Theorist: Interessanterweise habe ich neulich eine Ausstellung besucht, die sich mit postmoderner Kunst beschäftigte. Also es war faszinierend zu sehen, wie Künstler wie Jean-Michel Basquiat und Cindy Sherman mit Identitäten und Bedeutungen spielen. Das regt wirklich zum Überlegen an über die Art und Weise, wie wir unsere eigene Identität konstruieren.

>>Philosopher: Nun ja... Ich frage mich oft bei Spaziergängen durch den Park über die Vielfalt der Eindrücke – das ist doch irgendwie ein Spiegelbild der postmodernen Vielfalt? Diese Momente sind so bereichernd! Was meinst du dazu?

>>Cultural Theorist: Tatsächlich habe ich kürzlich ein Buch über postmoderne Architektur gelesen. Es war spannend zu sehen, dass Gebäude nicht nur funktional sind sondern auch kulturelle Geschichten erzählen können. Das hat meine Sicht auf unsere Umgebung verändert.

>>Historian: Historisch betrachtet gibt es viele Beispiele dafür! Die Art und Weise unserer Geschichtsschreibung wird durch diese Ansätze stark beeinflusst – sie wird fragmentierter und vielschichtiger als je zuvor. Zum Beispiel sieht man das bei den unterschiedlichen Interpretationen des Kalten Krieges.

>>Philosopher: Ähm... Manchmal denke ich darüber nach beim Kochen – es ist nicht mehr nur eine Notwendigkeit sondern ein kreativer Ausdruck unserer Identität geworden! Unglaublich! Wie siehst du das?

>>Cultural Theorist: Genau! Und wenn man darüber nachdenkt... Alltägliche Rituale haben jetzt ganz andere Bedeutungen bekommen; sie sind Teil unseres kulturellen Ausdrucks geworden. 
 >>Historian: Also, wenn wir uns die Geschichte anschauen, sehen wir, wie sich unsere Zusammenarbeit durch neue Technologien verändert hat. Ich denke, es wäre gut, wenn wir konkrete Updates zu unseren Projekten teilen könnten. Was sind eure Erfahrungen mit den digitalen Tools?

>>Philosopher: Ja, das ist spannend. Ich habe bemerkt, dass diese Plattformen eine neue Art der Transparenz schaffen. Zum Beispiel hatten wir bei unserem letzten Projekt Schwierigkeiten mit der Kommunikation zwischen den Teams. Wie habt ihr solche Herausforderungen gemeistert?

>>Cultural Theorist: Genau! Bei einem unserer Projekte haben wir Slack genutzt und festgestellt, dass es die kulturelle Vielfalt in unserem Team wirklich gefördert hat. Wir konnten kreative Ansätze entwickeln, die vorher nicht möglich waren. Habt ihr ähnliche Erfahrungen gemacht?

>>Historian: Interessant! Bei uns hat Microsoft Teams geholfen, die Koordination zu verbessern und Missverständnisse zu vermeiden. Aber es gibt auch technische Probleme – manchmal funktioniert die Verbindung nicht richtig. Wie geht ihr damit um?

>>Philosopher: Das kenne ich nur zu gut! Manchmal fühlt es sich an wie ein postmodernes Sprachspiel – jeder interpretiert Informationen anders. Vielleicht sollten wir mehr darauf achten, klare Anweisungen zu geben.

>>Cultural Theorist: Absolut! Und ich finde es wichtig, dass wir regelmäßig Feedback einholen und unsere Methoden anpassen. In einem Projekt haben wir wöchentliche Check-ins eingeführt und das hat wirklich geholfen.

>>Historian: Das klingt nach einer guten Strategie! Vielleicht sollten wir das auch ausprobieren und sehen, ob es unsere Effizienz steigert.

>>Philosopher: Gute Idee! Es zeigt sich immer wieder, dass kleine Anpassungen große Auswirkungen haben können."
